status,time/total_timesteps,time/time_elapsed,rollout/exploration_rate,time/episodes,time/fps,rollout/ep_rew_mean,rollout/ep_len_mean,train/n_updates,train/loss,train/dqn_loss,train/learning_rate,train/cql_loss
-1.0,33,7,0.9968649999999994,1,4,-443.829845,33.0,,,,,
-1.0,274,55,0.9739700000000003,2,4,-2213.687048,241.0,,,,,
-1.0,329,66,0.9687449999999999,3,4,-562.19642,55.0,,,,,
-1.0,429,86,0.9592449999999999,4,4,6.994818,100.0,,,,,
-1.0,475,96,0.9548749999999997,5,4,-407.925101,46.0,,,,,
-1.0,666,134,0.9367300000000001,6,4,-67.96194,191.0,,,,,
-1.0,914,184,0.9131699999999997,7,4,216.08247,248.0,,,,,
-1.0,967,195,0.9081350000000004,8,4,-1882.743226,53.0,,,,,
-1.0,1085,219,0.8969249999999998,9,4,-526.117704,118.0,84,10.122143745422363,8.509786605834961,0.0001,1.6123571395874023
-1.0,1265,255,0.8798249999999995,10,4,146.75808,180.0,264,11.223222732543945,9.564252853393555,0.0001,1.658969521522522
-1.0,1560,315,0.8518000000000006,11,4,0.102186,295.0,559,7.132828712463379,5.47479248046875,0.0001,1.6580361127853394
0.0,2060,415,0.8043000000000005,12,4,450.111665,500.0,1059,9.060103416442871,7.433633804321289,0.0001,1.6264692544937134
0.0,2560,515,0.7568000000000005,13,4,489.295641,500.0,1559,6.050810813903809,4.4444074630737305,0.0001,1.606403112411499
-1.0,2583,520,0.7546149999999998,14,4,-138.599542,23.0,1582,6.456841945648193,4.839959144592285,0.0001,1.6168829202651978
1.0,2667,537,0.7466350000000004,15,4,621.014034,84.0,1666,10.761516571044922,9.065669059753418,0.0001,1.6958473920822144
1.0,3005,605,0.7145249999999999,16,4,552.027752,338.0,2004,4.64749813079834,3.0405213832855225,0.0001,1.6069765090942383
1.0,3043,613,0.7109150000000004,17,4,394.523626,38.0,2042,10.444541931152344,8.773256301879883,0.0001,1.6712852716445923
-1.0,3098,624,0.7056899999999999,18,4,-220.336316,55.0,2097,8.855083465576172,7.19020414352417,0.0001,1.664879322052002
-1.0,3115,628,0.704075,19,4,-310.141439,17.0,2114,9.265294075012207,7.672238826751709,0.0001,1.5930553674697876
0.0,3615,728,0.6565749999999999,20,4,324.738395,500.0,2614,7.736376762390137,6.029964447021484,0.0001,1.7064125537872314
0.0,4115,828,0.6090749999999998,21,4,517.181253,500.0,3114,8.961316108703613,7.318332672119141,0.0001,1.6429831981658936
1.0,4438,893,0.5783900000000002,22,4,625.96142,323.0,3437,7.97337532043457,6.426222801208496,0.0001,1.5471522808074951
0.0,4938,994,0.5308900000000002,23,4,128.613645,500.0,3937,7.837162494659424,6.230033874511719,0.0001,1.6071287393569946
1.0,5058,1018,0.5194900000000005,24,4,637.471367,120.0,4057,8.884895324707031,7.252532005310059,0.0001,1.6323635578155518
1.0,5334,1073,0.49327000000000065,25,4,702.701787,276.0,4333,9.587501525878906,7.980701446533203,0.0001,1.6068000793457031
1.0,5665,1140,0.46182500000000026,26,4,564.838548,331.0,4664,8.245363235473633,6.618899345397949,0.0001,1.6264641284942627
0.0,6165,1240,0.4143250000000003,27,4,519.907758,500.0,5164,8.349456787109375,6.786662578582764,0.0001,1.5627940893173218
0.0,6665,1340,0.3668250000000002,28,4,365.944822,500.0,5664,5.90234375,4.441232681274414,0.0001,1.4611111879348755
0.0,7165,1441,0.3193250000000002,29,4,605.417679,500.0,6164,7.353052616119385,5.739114284515381,0.0001,1.6139384508132935
1.0,7321,1472,0.304505,30,4,666.221397,156.0,6320,7.885677337646484,6.254193305969238,0.0001,1.6314842700958252
0.0,7821,1573,0.25700500000000004,31,4,194.990557,500.0,6820,7.460698127746582,5.879288673400879,0.0001,1.5814094543457031
0.0,8321,1673,0.20950499999999994,32,4,172.642786,500.0,7320,7.56639289855957,6.070608615875244,0.0001,1.495784044265747
1.0,8356,1680,0.20618000000000036,33,4,391.672831,35.0,7355,6.351016998291016,4.785867214202881,0.0001,1.5651500225067139
0.0,8856,1780,0.15868000000000038,34,4,582.688074,500.0,7855,6.241067886352539,4.630222797393799,0.0001,1.6108449697494507
0.0,9356,1881,0.11118000000000028,35,4,307.596987,500.0,8355,8.763859748840332,7.24392032623291,0.0001,1.5199397802352905
0.0,9856,1981,0.06368000000000029,36,4,625.954178,500.0,8855,9.766674041748047,8.084117889404297,0.0001,1.682555913925171
-1.0,9862,1982,0.06310999999999967,37,4,-192.165765,6.0,8861,7.145569801330566,5.719278335571289,0.0001,1.4262917041778564
0.0,10362,2083,0.05,38,4,318.448768,500.0,9361,6.318878173828125,4.927799224853516,0.0001,1.3910791873931885
0.0,10862,2183,0.05,39,4,96.266588,500.0,9861,6.768538951873779,5.201722145080566,0.0001,1.5668166875839233
0.0,11362,2283,0.05,40,4,-212.5961,500.0,10361,5.835182189941406,4.489187240600586,0.0001,1.3459949493408203
0.0,11862,2384,0.05,41,4,311.321063,500.0,10861,6.770084381103516,5.323615074157715,0.0001,1.4464695453643799
0.0,12362,2484,0.05,42,4,81.335297,500.0,11361,5.691040992736816,4.425853729248047,0.0001,1.2651870250701904
0.0,12862,2584,0.05,43,4,622.094808,500.0,11861,6.435461044311523,5.1595139503479,0.0001,1.2759469747543335
0.0,13362,2685,0.05,44,4,-3.263545,500.0,12361,6.382971286773682,5.314818382263184,0.0001,1.068152904510498
1.0,13482,2709,0.05,45,4,763.627605,120.0,12481,5.9577484130859375,4.885470390319824,0.0001,1.0722777843475342
1.0,13725,2758,0.05,46,4,793.528748,243.0,12724,6.773301124572754,5.745351791381836,0.0001,1.027949333190918
-1.0,13731,2759,0.05,47,4,-214.055284,6.0,12730,5.575930595397949,4.575741291046143,0.0001,1.0001894235610962
1.0,14225,2858,0.05,48,4,709.192462,494.0,13224,5.964590072631836,4.797018051147461,0.0001,1.1675719022750854
0.0,14725,2959,0.05,49,4,402.986905,500.0,13724,6.292311191558838,5.101753234863281,0.0001,1.1905579566955566
0.0,15225,3059,0.05,50,4,-204.183945,500.0,14224,6.167777061462402,4.975868225097656,0.0001,1.191908836364746
0.0,15725,3159,0.05,51,4,492.152473,500.0,14724,7.046428203582764,6.158641815185547,0.0001,0.8877865076065063
0.0,16225,3260,0.05,52,4,676.303779,500.0,15224,6.62589693069458,5.713486671447754,0.0001,0.9124100804328918
0.0,16725,3360,0.05,53,4,261.551556,500.0,15724,7.220564842224121,6.271124839782715,0.0001,0.9494399428367615
0.0,17225,3460,0.05,54,4,206.228685,500.0,16224,7.933881759643555,7.029369354248047,0.0001,0.9045124053955078
1.0,17529,3521,0.05,55,4,711.880576,304.0,16528,6.658761978149414,5.712551116943359,0.0001,0.9462109804153442
0.0,18029,3622,0.05,56,4,347.365594,500.0,17028,7.92162561416626,6.940667152404785,0.0001,0.9809584617614746
0.0,18529,3722,0.05,57,4,512.018441,500.0,17528,10.828094482421875,10.073442459106445,0.0001,0.7546515464782715
1.0,18917,3800,0.05,58,4,970.903056,388.0,17916,7.399589538574219,6.442407131195068,0.0001,0.9571825265884399
0.0,19417,3900,0.05,59,4,482.380072,500.0,18416,7.269344329833984,6.633833885192871,0.0001,0.6355105638504028
1.0,19681,3953,0.05,60,4,559.378469,264.0,18680,6.0928425788879395,5.108477592468262,0.0001,0.984364926815033
0.0,20181,4054,0.05,61,4,399.077822,500.0,19180,8.25278091430664,7.512451648712158,0.0001,0.7403290867805481
0.0,20681,4154,0.05,62,4,295.013509,500.0,19680,10.563533782958984,9.768080711364746,0.0001,0.7954528331756592
0.0,21181,4254,0.05,63,4,566.880073,500.0,20180,7.322044372558594,6.154068946838379,0.0001,1.167975664138794
1.0,21213,4261,0.05,64,4,348.395347,32.0,20212,9.172100067138672,8.093183517456055,0.0001,1.0789165496826172
1.0,21288,4276,0.05,65,4,539.452963,75.0,20287,9.363439559936523,8.41221809387207,0.0001,0.9512217044830322
1.0,21344,4288,0.05,66,4,472.092396,56.0,20343,7.642063140869141,6.728934288024902,0.0001,0.9131287932395935
0.0,21844,4388,0.05,67,4,342.079023,500.0,20843,8.380166053771973,7.484970569610596,0.0001,0.8951951265335083
1.0,21914,4402,0.05,68,4,567.612475,70.0,20913,7.670412063598633,6.774785995483398,0.0001,0.8956259489059448
1.0,22169,4453,0.05,69,4,836.850644,255.0,21168,8.770929336547852,7.7155842781066895,0.0001,1.0553454160690308
-1.0,22173,4454,0.05,70,4,-217.575864,4.0,21172,9.011183738708496,7.839560031890869,0.0001,1.171623945236206
1.0,22417,4504,0.05,71,4,864.632161,244.0,21416,9.70029067993164,8.798828125,0.0001,0.9014626145362854
0.0,22917,4604,0.05,72,4,276.224371,500.0,21916,10.366661071777344,9.464086532592773,0.0001,0.9025740623474121
0.0,23417,4704,0.05,73,4,485.555511,500.0,22416,9.890425682067871,8.987632751464844,0.0001,0.9027925729751587
-1.0,23422,4705,0.05,74,4,-215.753981,5.0,22421,7.665204048156738,6.584076881408691,0.0001,1.081127405166626
0.0,23922,4806,0.05,75,4,173.915184,500.0,22921,8.096691131591797,7.212429046630859,0.0001,0.8842616677284241
0.0,24422,4906,0.05,76,4,113.262336,500.0,23421,6.90164852142334,5.844907760620117,0.0001,1.0567407608032227
1.0,24533,4928,0.05,77,4,710.39092,111.0,23532,7.833728790283203,6.679661750793457,0.0001,1.154066801071167
1.0,24656,4953,0.05,78,4,797.811279,123.0,23655,6.592362880706787,5.753466606140137,0.0001,0.8388963937759399
0.0,25156,5054,0.05,79,4,379.812103,500.0,24155,7.839011192321777,7.012491226196289,0.0001,0.8265199661254883
0.0,25656,5154,0.05,80,4,486.302766,500.0,24655,7.058414936065674,6.332256317138672,0.0001,0.7261586785316467
1.0,25786,5180,0.05,81,4,563.604331,130.0,24785,6.975463390350342,6.237838268280029,0.0001,0.7376249432563782
0.0,26286,5280,0.05,82,4,240.095225,500.0,25285,6.414676189422607,5.691300392150879,0.0001,0.7233759164810181
1.0,26483,5320,0.05,83,4,684.505684,197.0,25482,12.262641906738281,11.31594467163086,0.0001,0.9466972351074219
0.0,26983,5420,0.05,84,4,210.355562,500.0,25982,7.019021987915039,6.044082164764404,0.0001,0.9749400019645691
0.0,27483,5521,0.05,85,4,58.306495,500.0,26482,9.568899154663086,8.839468002319336,0.0001,0.7294310331344604
0.0,27983,5621,0.05,86,4,557.926098,500.0,26982,9.601808547973633,8.855899810791016,0.0001,0.7459085583686829
0.0,28483,5721,0.05,87,4,-156.731938,500.0,27482,7.799821376800537,6.986833572387695,0.0001,0.8129876852035522
0.0,28983,5822,0.05,88,4,150.182246,500.0,27982,10.88518238067627,10.055927276611328,0.0001,0.8292548656463623
0.0,29483,5922,0.05,89,4,602.962224,500.0,28482,11.61661434173584,10.850467681884766,0.0001,0.7661467790603638
0.0,29983,6022,0.05,90,4,521.890592,500.0,28982,8.524701118469238,7.747440338134766,0.0001,0.7772608399391174
0.0,30483,6123,0.05,91,4,407.542141,500.0,29482,6.721007823944092,5.865294456481934,0.0001,0.8557133674621582
0.0,30983,6223,0.05,92,4,530.585875,500.0,29982,12.775288581848145,12.238271713256836,0.0001,0.5370165109634399
0.0,31483,6323,0.05,93,4,273.853475,500.0,30482,10.122734069824219,9.468753814697266,0.0001,0.653980016708374
0.0,31983,6424,0.05,94,4,249.613837,500.0,30982,8.198542594909668,7.488485336303711,0.0001,0.7100574374198914
1.0,32004,6428,0.05,95,4,320.753741,21.0,31003,9.429747581481934,8.422005653381348,0.0001,1.007742166519165
0.0,32504,6528,0.05,96,4,586.960529,500.0,31503,10.59164047241211,9.769691467285156,0.0001,0.821948766708374
0.0,33004,6629,0.05,97,4,424.293248,500.0,32003,6.634747505187988,6.050993919372559,0.0001,0.5837538242340088
1.0,33130,6654,0.05,98,4,822.804008,126.0,32129,9.340838432312012,8.634788513183594,0.0001,0.7060495018959045
1.0,33211,6671,0.05,99,4,587.155718,81.0,32210,6.470599174499512,5.849358558654785,0.0001,0.621240496635437
0.0,33711,6771,0.05,100,4,431.851618,500.0,32710,6.793343544006348,6.042489051818848,0.0001,0.7508545517921448
-1.0,33720,6773,0.05,101,4,-243.139088,9.0,32719,8.632305145263672,7.697755813598633,0.0001,0.9345495104789734
1.0,33800,6789,0.05,102,4,597.905999,80.0,32799,7.251285076141357,6.6298933029174805,0.0001,0.6213915944099426
0.0,34300,6889,0.05,103,4,126.594999,500.0,33299,8.602697372436523,7.929449081420898,0.0001,0.6732487082481384
1.0,34389,6908,0.05,104,4,548.943724,89.0,33388,7.822453022003174,7.2094221115112305,0.0001,0.6130309104919434
0.0,34889,7008,0.05,105,4,290.723991,500.0,33888,9.243029594421387,8.658774375915527,0.0001,0.584255039691925
1.0,34976,7025,0.05,106,4,496.877205,87.0,33975,6.245230674743652,5.767059326171875,0.0001,0.478171169757843
1.0,35087,7048,0.05,107,4,691.288606,111.0,34086,8.17523193359375,7.405755043029785,0.0001,0.7694770693778992
0.0,35587,7148,0.05,108,4,212.936226,500.0,34586,10.362709045410156,9.611023902893066,0.0001,0.751684844493866
1.0,35713,7174,0.05,109,4,694.960328,126.0,34712,8.250068664550781,7.569913864135742,0.0001,0.6801544427871704
0.0,36213,7274,0.05,110,4,462.593445,500.0,35212,7.609849452972412,6.9808807373046875,0.0001,0.6289685964584351
1.0,36227,7277,0.05,111,4,271.63114,14.0,35226,7.857300758361816,7.208778381347656,0.0001,0.6485222578048706
1.0,36342,7300,0.05,112,4,626.688082,115.0,35341,7.183926582336426,6.5927934646606445,0.0001,0.5911332964897156
0.0,36842,7401,0.05,113,4,477.246082,500.0,35841,6.412460803985596,5.667497158050537,0.0001,0.7449637055397034
0.0,37342,7501,0.05,114,4,481.565342,500.0,36341,7.043276786804199,6.418715953826904,0.0001,0.6245608329772949
0.0,37842,7601,0.05,115,4,183.21983,500.0,36841,12.234737396240234,11.454622268676758,0.0001,0.7801156044006348
1.0,38268,7687,0.05,116,4,953.04077,426.0,37267,10.622775077819824,9.789548873901367,0.0001,0.8332263231277466
-1.0,38273,7688,0.05,117,4,-197.674797,5.0,37272,7.813204765319824,7.202107906341553,0.0001,0.6110968589782715
0.0,38773,7788,0.05,118,4,449.341185,500.0,37772,9.057920455932617,8.459306716918945,0.0001,0.5986135005950928
1.0,38871,7808,0.05,119,4,609.143743,98.0,37870,8.306800842285156,7.778350830078125,0.0001,0.5284500122070312
0.0,39371,7908,0.05,120,4,408.313796,500.0,38370,7.395285129547119,6.827873229980469,0.0001,0.5674120187759399
0.0,39871,8009,0.05,121,4,562.722227,500.0,38870,8.200201034545898,7.286919593811035,0.0001,0.9132809638977051
0.0,40371,8109,0.05,122,4,-56.915649,500.0,39370,10.797605514526367,10.231725692749023,0.0001,0.5658796429634094
0.0,40871,8209,0.05,123,4,166.62975,500.0,39870,10.949469566345215,10.396458625793457,0.0001,0.5530107617378235
0.0,41371,8310,0.05,124,4,392.007406,500.0,40370,9.208824157714844,8.400806427001953,0.0001,0.8080176115036011
-1.0,41377,8311,0.05,125,4,-206.444309,6.0,40376,20.296371459960938,19.658668518066406,0.0001,0.637702465057373
0.0,41877,8411,0.05,126,4,347.852131,500.0,40876,10.930462837219238,10.389776229858398,0.0001,0.5406862497329712
0.0,42377,8512,0.05,127,4,951.372194,500.0,41376,17.60007667541504,16.807146072387695,0.0001,0.7929298877716064
1.0,42406,8518,0.05,128,4,365.289099,29.0,41405,12.335342407226562,11.614500045776367,0.0001,0.7208420038223267
1.0,42440,8525,0.05,129,4,316.593771,34.0,41439,16.999095916748047,16.169387817382812,0.0001,0.8297088742256165
1.0,42554,8548,0.05,130,4,699.314247,114.0,41553,11.637672424316406,10.925297737121582,0.0001,0.7123744487762451
0.0,43054,8648,0.05,131,4,237.480038,500.0,42053,15.128059387207031,14.406064987182617,0.0001,0.7219945192337036
0.0,43554,8748,0.05,132,4,197.912085,500.0,42553,13.202021598815918,12.573055267333984,0.0001,0.6289660930633545
0.0,44054,8849,0.05,133,4,505.335422,500.0,43053,15.204582214355469,14.60029125213623,0.0001,0.6042909026145935
0.0,44554,8949,0.05,134,4,10574.759128,500.0,43553,25.286333084106445,24.698579788208008,0.0001,0.587753176689148
1.0,44712,8981,0.05,135,4,473.615008,158.0,43711,16.908306121826172,16.317583084106445,0.0001,0.5907223224639893
0.0,45212,9081,0.05,136,4,264.964172,500.0,44211,12.559734344482422,11.886252403259277,0.0001,0.6734819412231445
0.0,45712,9182,0.05,137,4,543.070362,500.0,44711,23.94607925415039,23.374732971191406,0.0001,0.571346640586853
1.0,45785,9196,0.05,138,4,533.874648,73.0,44784,14.581713676452637,13.823198318481445,0.0001,0.7585156559944153
0.0,46285,9297,0.05,139,4,480.870988,500.0,45284,12.52133846282959,11.938350677490234,0.0001,0.5829880833625793
0.0,46785,9397,0.05,140,4,287.504405,500.0,45784,23.976303100585938,23.380470275878906,0.0001,0.5958330035209656
1.0,46911,9422,0.05,141,4,793.143332,126.0,45910,15.372711181640625,14.676040649414062,0.0001,0.6966708898544312
1.0,46980,9436,0.05,142,4,574.75705,69.0,45979,20.811967849731445,20.194141387939453,0.0001,0.6178271770477295
-1.0,46984,9438,0.05,143,4,-190.300246,4.0,45983,27.616790771484375,27.042591094970703,0.0001,0.5742006301879883
-1.0,46989,9439,0.05,144,4,-223.312022,5.0,45988,24.079221725463867,23.254186630249023,0.0001,0.8250352144241333
0.0,47489,9539,0.05,145,4,322.429588,500.0,46488,35.94649124145508,35.296470642089844,0.0001,0.6500202417373657
0.0,47989,9639,0.05,146,4,337.339917,500.0,46988,12.75904655456543,12.161234855651855,0.0001,0.5978114008903503
1.0,48029,9648,0.05,147,4,369.255943,40.0,47028,22.043006896972656,21.347999572753906,0.0001,0.6950077414512634
1.0,48114,9665,0.05,148,4,500.042469,85.0,47113,23.914634704589844,23.262508392333984,0.0001,0.6521254181861877
1.0,48247,9692,0.05,149,4,654.274753,133.0,47246,13.931118965148926,13.254196166992188,0.0001,0.6769230961799622
1.0,48355,9714,0.05,150,4,649.963181,108.0,47354,21.323421478271484,20.733314514160156,0.0001,0.5901077389717102
0.0,48855,9814,0.05,151,4,201.524818,500.0,47854,24.285804748535156,23.534982681274414,0.0001,0.7508218884468079
1.0,48884,9820,0.05,152,4,359.682013,29.0,47883,13.031328201293945,12.298093795776367,0.0001,0.733234167098999
0.0,49384,9920,0.05,153,4,2451.593276,500.0,48383,19.480398178100586,18.728958129882812,0.0001,0.7514393329620361
1.0,49524,9948,0.05,154,4,814.356217,140.0,48523,30.09222412109375,29.48529052734375,0.0001,0.6069334745407104
1.0,49632,9970,0.05,155,4,727.066003,108.0,48631,26.113672256469727,25.2921199798584,0.0001,0.8215519189834595
0.0,50132,10071,0.05,156,4,646.575848,500.0,49131,25.15996551513672,24.43004608154297,0.0001,0.7299196124076843
1.0,50164,10077,0.05,157,4,385.83349,32.0,49163,22.032407760620117,21.457782745361328,0.0001,0.5746252536773682
1.0,50221,10089,0.05,158,4,481.692319,57.0,49220,20.009483337402344,19.454559326171875,0.0001,0.5549246668815613
0.0,50721,10189,0.05,159,4,431.011576,500.0,49720,14.550222396850586,13.874588012695312,0.0001,0.6756342649459839
1.0,50841,10213,0.05,160,4,790.874689,120.0,49840,17.853778839111328,17.11492919921875,0.0001,0.7388501167297363
1.0,50896,10225,0.05,161,4,445.636029,55.0,49895,14.968477249145508,14.399051666259766,0.0001,0.5694258213043213
-1.0,50901,10226,0.05,162,4,-203.992761,5.0,49900,13.211758613586426,12.739219665527344,0.0001,0.47253936529159546
0.0,51401,10326,0.05,163,4,243.118886,500.0,50400,18.95254898071289,18.37366485595703,0.0001,0.5788832902908325
0.0,51901,10426,0.05,164,4,415.783345,500.0,50900,14.990943908691406,14.327625274658203,0.0001,0.6633188128471375
1.0,51941,10435,0.05,165,4,365.376165,40.0,50940,17.35059928894043,16.343170166015625,0.0001,1.0074292421340942
0.0,52441,10535,0.05,166,4,373.620154,500.0,51440,17.251100540161133,16.657440185546875,0.0001,0.5936611294746399
1.0,52559,10559,0.05,167,4,704.621825,118.0,51558,19.348365783691406,18.875316619873047,0.0001,0.47304922342300415
1.0,52873,10622,0.05,168,4,913.748562,314.0,51872,12.015487670898438,11.32158088684082,0.0001,0.6939071416854858
1.0,52963,10640,0.05,169,4,589.329508,90.0,51962,17.620576858520508,17.084796905517578,0.0001,0.5357807874679565
0.0,53463,10741,0.05,170,4,213.282142,500.0,52462,20.505800247192383,19.80937957763672,0.0001,0.6964205503463745
0.0,53963,10841,0.05,171,4,695.07706,500.0,52962,17.62168312072754,16.637779235839844,0.0001,0.9839032888412476
0.0,54463,10941,0.05,172,4,465.37623,500.0,53462,12.691496849060059,12.13684368133545,0.0001,0.5546529293060303
1.0,54563,10961,0.05,173,4,708.957203,100.0,53562,14.1618013381958,13.436073303222656,0.0001,0.7257280945777893
0.0,55063,11062,0.05,174,4,477.680506,500.0,54062,13.84653091430664,13.116750717163086,0.0001,0.7297801971435547
1.0,55167,11083,0.05,175,4,654.931079,104.0,54166,11.334139823913574,10.507158279418945,0.0001,0.8269816637039185
1.0,55311,11112,0.05,176,4,668.137884,144.0,54310,18.679624557495117,18.052215576171875,0.0001,0.627408504486084
1.0,55450,11140,0.05,177,4,555.199626,139.0,54449,13.954235076904297,13.39777946472168,0.0001,0.5564553737640381
0.0,55950,11240,0.05,178,4,204.780812,500.0,54949,15.978802680969238,15.061456680297852,0.0001,0.9173461198806763
0.0,56450,11340,0.05,179,4,637.681463,500.0,55449,11.749656677246094,11.141321182250977,0.0001,0.6083351969718933
0.0,56950,11441,0.05,180,4,358.203157,500.0,55949,13.849566459655762,13.305246353149414,0.0001,0.5443204641342163
1.0,57153,11482,0.05,181,4,693.224887,203.0,56152,20.043386459350586,19.430023193359375,0.0001,0.6133641004562378
1.0,57295,11510,0.05,182,4,700.408221,142.0,56294,10.752224922180176,10.155747413635254,0.0001,0.5964772701263428
1.0,57390,11530,0.05,183,4,396.8913,95.0,56389,13.20181655883789,12.729799270629883,0.0001,0.47201722860336304
1.0,57545,11561,0.05,184,4,774.534797,155.0,56544,14.434540748596191,13.693589210510254,0.0001,0.7409511804580688
1.0,57644,11581,0.05,185,4,685.519886,99.0,56643,12.849504470825195,12.056602478027344,0.0001,0.792902410030365
-1.0,57651,11582,0.05,186,4,-155.278961,7.0,56650,13.164607048034668,12.37942123413086,0.0001,0.7851858139038086
1.0,57742,11601,0.05,187,4,587.15919,91.0,56741,15.176545143127441,14.342883110046387,0.0001,0.8336624503135681
0.0,58242,11701,0.05,188,4,409.027671,500.0,57241,9.996353149414062,9.34803581237793,0.0001,0.6483173370361328
1.0,58530,11759,0.05,189,4,925.47575,288.0,57529,17.3691463470459,16.425273895263672,0.0001,0.9438720345497131
0.0,59030,11859,0.05,190,4,577.194023,500.0,58029,15.196788787841797,14.552886962890625,0.0001,0.6439021825790405
1.0,59156,11885,0.05,191,4,686.474348,126.0,58155,15.680374145507812,14.99660873413086,0.0001,0.6837649345397949
0.0,59656,11985,0.05,192,4,467.615166,500.0,58655,12.007965087890625,11.125473022460938,0.0001,0.8824922442436218
1.0,59758,12006,0.05,193,4,676.254399,102.0,58757,14.350476264953613,13.840604782104492,0.0001,0.5098713636398315
1.0,60240,12102,0.05,194,4,919.74908,482.0,59239,15.188299179077148,14.656526565551758,0.0001,0.5317730903625488
1.0,60275,12110,0.05,195,4,381.693637,35.0,59274,11.909967422485352,11.08930492401123,0.0001,0.8206629753112793
1.0,60402,12135,0.05,196,4,759.023234,127.0,59401,11.504304885864258,10.745526313781738,0.0001,0.7587782144546509
1.0,60491,12153,0.05,197,4,602.553123,89.0,59490,15.248336791992188,14.528144836425781,0.0001,0.7201924324035645
1.0,60599,12175,0.05,198,4,605.36093,108.0,59598,12.00311279296875,11.336542129516602,0.0001,0.6665704250335693
1.0,60694,12194,0.05,199,4,378.491377,95.0,59693,9.852557182312012,9.096986770629883,0.0001,0.7555704116821289
0.0,61194,12295,0.05,200,4,730.324704,500.0,60193,11.850630760192871,11.184885025024414,0.0001,0.6657456755638123
-1.0,61637,12384,0.05,201,4,348.826983,443.0,60636,12.349170684814453,11.464335441589355,0.0001,0.8848355412483215
-1.0,61766,12410,0.05,202,4,317.638847,129.0,60765,12.238718032836914,11.437296867370605,0.0001,0.8014215230941772
1.0,61837,12424,0.05,203,4,447.358807,71.0,60836,14.02149772644043,13.465299606323242,0.0001,0.5561984777450562
-1.0,61981,12453,0.05,204,4,-262.895546,144.0,60980,11.550446510314941,10.895421028137207,0.0001,0.6550253033638
1.0,62036,12464,0.05,205,4,435.810698,55.0,61035,10.556716918945312,9.83025074005127,0.0001,0.7264664173126221
1.0,62138,12485,0.05,206,4,558.431521,102.0,61137,10.453309059143066,9.899895668029785,0.0001,0.5534136295318604
-1.0,62146,12487,0.05,207,4,-205.38872,8.0,61145,11.627156257629395,10.799785614013672,0.0001,0.8273705244064331
-1.0,62216,12501,0.05,208,4,99.453681,70.0,61215,11.142293930053711,10.54118537902832,0.0001,0.6011086702346802
-1.0,62277,12514,0.05,209,4,-76.688277,61.0,61276,9.997550010681152,9.31245231628418,0.0001,0.6850975155830383
-1.0,62328,12524,0.05,210,4,74.027215,51.0,61327,13.948949813842773,13.18642807006836,0.0001,0.7625216245651245
1.0,62415,12542,0.05,211,4,454.133283,87.0,61414,10.19079875946045,9.648345947265625,0.0001,0.5424528121948242
-1.0,62537,12566,0.05,212,4,-185.116675,122.0,61536,9.502134323120117,8.986095428466797,0.0001,0.5160387754440308
-1.0,62611,12581,0.05,213,4,102.378074,74.0,61610,14.303534507751465,13.705001831054688,0.0001,0.5985330939292908
1.0,62715,12602,0.05,214,4,664.931316,104.0,61714,10.545234680175781,9.979047775268555,0.0001,0.5661866664886475
1.0,62841,12628,0.05,215,4,739.020543,126.0,61840,14.936494827270508,14.206010818481445,0.0001,0.7304843068122864
-1.0,62910,12642,0.05,216,4,34.98688,69.0,61909,11.19253158569336,10.311084747314453,0.0001,0.8814472556114197
-1.0,62961,12652,0.05,217,4,131.947831,51.0,61960,11.238641738891602,10.672825813293457,0.0001,0.5658157467842102
-1.0,63020,12664,0.05,218,4,55.6795,59.0,62019,15.19711685180664,14.691014289855957,0.0001,0.5061027407646179
1.0,63073,12675,0.05,219,4,456.993009,53.0,62072,13.223016738891602,12.560379028320312,0.0001,0.6626372337341309
1.0,63139,12688,0.05,220,4,515.031141,66.0,62138,8.918570518493652,8.396791458129883,0.0001,0.5217792391777039
-1.0,63211,12703,0.05,221,4,141.384698,72.0,62210,12.632949829101562,11.960267066955566,0.0001,0.6726828813552856
1.0,63322,12726,0.05,222,4,414.695407,111.0,62321,15.850576400756836,15.226253509521484,0.0001,0.6243225932121277
-1.0,63436,12749,0.05,223,4,133.988524,114.0,62435,8.227814674377441,7.536956310272217,0.0001,0.6908587217330933
-1.0,63523,12766,0.05,224,4,267.882315,87.0,62522,12.64101791381836,12.01290512084961,0.0001,0.6281130313873291
1.0,63621,12786,0.05,225,4,637.608249,98.0,62620,13.517387390136719,13.024947166442871,0.0001,0.49244022369384766
-1.0,63728,12808,0.05,226,4,231.958113,107.0,62727,12.441287994384766,12.0172119140625,0.0001,0.4240759313106537
-1.0,63818,12826,0.05,227,4,86.655901,90.0,62817,10.567082405090332,9.827402114868164,0.0001,0.7396801710128784
-1.0,63860,12835,0.05,228,4,-155.820736,42.0,62859,11.168147087097168,10.615511894226074,0.0001,0.5526349544525146
1.0,63912,12845,0.05,229,4,377.032883,52.0,62911,15.371858596801758,14.796555519104004,0.0001,0.5753033757209778
1.0,63983,12860,0.05,230,4,570.932182,71.0,62982,12.872368812561035,12.407658576965332,0.0001,0.4647098481655121
-1.0,64133,12890,0.05,231,4,280.976492,150.0,63132,13.510526657104492,12.883499145507812,0.0001,0.6270278692245483
-1.0,64136,12891,0.05,232,4,-210.202883,3.0,63135,12.865837097167969,12.228708267211914,0.0001,0.6371291875839233
-1.0,64225,12909,0.05,233,4,-12.199637,89.0,63224,12.027569770812988,11.43448543548584,0.0001,0.5930845737457275
-1.0,64339,12932,0.05,234,4,29.539391,114.0,63338,15.207670211791992,14.622157096862793,0.0001,0.5855132341384888
1.0,64451,12954,0.05,235,4,650.781493,112.0,63450,11.35761547088623,10.781187057495117,0.0001,0.5764287710189819
1.0,64500,12964,0.05,236,4,452.792171,49.0,63499,11.29553508758545,10.59645938873291,0.0001,0.6990752816200256
-1.0,64549,12974,0.05,237,4,64.469391,49.0,63548,17.782012939453125,17.130861282348633,0.0001,0.6511524319648743
1.0,64665,12998,0.05,238,4,761.435062,116.0,63664,17.753549575805664,17.237581253051758,0.0001,0.5159685015678406
1.0,64714,13008,0.05,239,4,366.711369,49.0,63713,13.103084564208984,12.265413284301758,0.0001,0.8376717567443848
-1.0,64732,13012,0.05,240,4,-108.621575,18.0,63731,8.856816291809082,8.205282211303711,0.0001,0.6515343189239502
-1.0,64820,13030,0.05,241,4,52.566005,88.0,63819,12.785269737243652,12.123392105102539,0.0001,0.6618777513504028
-1.0,64827,13031,0.05,242,4,-187.914871,7.0,63826,10.181001663208008,9.374605178833008,0.0001,0.8063969612121582
-1.0,64965,13059,0.05,243,4,240.171345,138.0,63964,8.47675609588623,7.908392906188965,0.0001,0.5683635473251343
1.0,65040,13074,0.05,244,4,594.220072,75.0,64039,8.210140228271484,7.675815105438232,0.0001,0.534325361251831
1.0,65193,13105,0.05,245,4,734.154457,153.0,64192,12.577484130859375,12.088852882385254,0.0001,0.4886314272880554
-1.0,65200,13107,0.05,246,4,-196.081256,7.0,64199,11.603974342346191,11.017974853515625,0.0001,0.5859998464584351
-1.0,65212,13109,0.05,247,4,-110.88822,12.0,64211,12.215503692626953,11.678850173950195,0.0001,0.5366531014442444
1.0,65336,13134,0.05,248,4,718.896103,124.0,64335,13.018179893493652,12.478431701660156,0.0001,0.5397483110427856
-1.0,65390,13145,0.05,249,4,93.520059,54.0,64389,10.906522750854492,10.376180648803711,0.0001,0.530341625213623
-1.0,65518,13171,0.05,250,4,-79.230609,128.0,64517,7.89893102645874,7.399065017700195,0.0001,0.4998660087585449
-1.0,65572,13182,0.05,251,4,88.682983,54.0,64571,11.288262367248535,10.720987319946289,0.0001,0.5672746896743774
-1.0,65638,13196,0.05,252,4,113.116399,66.0,64637,13.897210121154785,13.242058753967285,0.0001,0.6551513671875
-1.0,65647,13198,0.05,253,4,-231.482884,9.0,64646,14.07641315460205,13.442745208740234,0.0001,0.6336683630943298
-1.0,65655,13200,0.05,254,4,-221.371278,8.0,64654,11.622864723205566,11.053470611572266,0.0001,0.5693939924240112
1.0,65721,13213,0.05,255,4,394.450008,66.0,64720,16.24240493774414,15.75426959991455,0.0001,0.48813557624816895
1.0,65743,13218,0.05,256,4,320.489353,22.0,64742,12.831236839294434,12.24181079864502,0.0001,0.5894256830215454
-1.0,65895,13248,0.05,257,4,344.255691,152.0,64894,7.416670322418213,6.833756446838379,0.0001,0.5829137563705444
-1.0,65961,13262,0.05,258,4,161.159458,66.0,64960,15.714261054992676,15.111721992492676,0.0001,0.6025390625
1.0,66135,13297,0.05,259,4,804.705725,174.0,65134,15.718605995178223,15.152471542358398,0.0001,0.5661344528198242
1.0,66216,13313,0.05,260,4,579.677244,81.0,65215,11.794126510620117,11.202787399291992,0.0001,0.591339111328125
1.0,66255,13321,0.05,261,4,372.703973,39.0,65254,14.402844429016113,13.765340805053711,0.0001,0.637503445148468
-1.0,66256,13322,0.05,262,4,-200.0,1.0,65255,12.924771308898926,12.327911376953125,0.0001,0.5968596935272217
-1.0,66310,13333,0.05,263,4,-21.357489,54.0,65309,11.344265937805176,10.710615158081055,0.0001,0.6336506605148315
1.0,66398,13350,0.05,264,4,673.563604,88.0,65397,11.054593086242676,10.60694694519043,0.0001,0.44764643907546997
-1.0,66495,13370,0.05,265,4,93.806785,97.0,65494,9.75598430633545,9.263570785522461,0.0001,0.49241378903388977
-1.0,66551,13382,0.05,266,4,-84.886444,56.0,65550,8.693262100219727,8.021404266357422,0.0001,0.6718576550483704
-1.0,66561,13384,0.05,267,4,-178.049065,10.0,65560,7.876056671142578,7.31695556640625,0.0001,0.5591009855270386
1.0,66667,13405,0.05,268,4,577.519057,106.0,65666,9.76469612121582,9.245828628540039,0.0001,0.5188674926757812
1.0,66799,13432,0.05,269,4,807.818155,132.0,65798,10.562389373779297,9.865803718566895,0.0001,0.6965858936309814
1.0,66948,13462,0.05,270,4,798.655934,149.0,65947,8.80548095703125,8.315420150756836,0.0001,0.4900612235069275
1.0,67048,13482,0.05,271,4,483.046138,100.0,66047,12.435162544250488,11.950485229492188,0.0001,0.4846772253513336
-1.0,67119,13497,0.05,272,4,161.622726,71.0,66118,9.178410530090332,8.553900718688965,0.0001,0.6245096921920776
-1.0,67125,13498,0.05,273,4,-208.145758,6.0,66124,8.396618843078613,7.864080429077148,0.0001,0.5325387120246887
-1.0,67175,13508,0.05,274,4,-10.683473,50.0,66174,10.533866882324219,9.859468460083008,0.0001,0.6743980646133423
1.0,67348,13543,0.05,275,4,713.24625,173.0,66347,9.316996574401855,8.818202018737793,0.0001,0.49879416823387146
-1.0,67407,13555,0.05,276,4,-182.294606,59.0,66406,16.648866653442383,16.1713809967041,0.0001,0.47748619318008423
1.0,67548,13584,0.05,277,4,706.917875,141.0,66547,11.672137260437012,11.003098487854004,0.0001,0.6690385937690735
-1.0,67553,13585,0.05,278,4,-169.167733,5.0,66552,8.63613510131836,7.8147687911987305,0.0001,0.8213658332824707
-1.0,67625,13599,0.05,279,4,-66.313615,72.0,66624,10.83747386932373,10.335171699523926,0.0001,0.5023019909858704
-1.0,67720,13619,0.05,280,4,-85.456311,95.0,66719,9.762310028076172,9.396012306213379,0.0001,0.3662974536418915
-1.0,67765,13628,0.05,281,4,27.51691,45.0,66764,11.425436973571777,10.923944473266602,0.0001,0.5014922618865967
1.0,67940,13663,0.05,282,4,830.816718,175.0,66939,9.318720817565918,8.711189270019531,0.0001,0.6075318455696106
1.0,68048,13685,0.05,283,4,677.18101,108.0,67047,11.61098861694336,11.228145599365234,0.0001,0.3828433156013489
-1.0,68055,13687,0.05,284,4,-228.201565,7.0,67054,15.181014060974121,14.585153579711914,0.0001,0.5958604216575623
-1.0,68360,13748,0.05,285,4,447.895585,305.0,67359,14.237957000732422,13.807807922363281,0.0001,0.43014928698539734
1.0,68431,13762,0.05,286,4,409.988454,71.0,67430,9.473028182983398,8.839305877685547,0.0001,0.633722722530365
1.0,68580,13792,0.05,287,4,827.121065,149.0,67579,16.914548873901367,16.164112091064453,0.0001,0.7504373788833618
1.0,68674,13811,0.05,288,4,532.396979,94.0,67673,10.246400833129883,9.779985427856445,0.0001,0.46641504764556885
1.0,68764,13830,0.05,289,4,624.495451,90.0,67763,17.542200088500977,16.896827697753906,0.0001,0.6453719735145569
1.0,68814,13840,0.05,290,4,384.962182,50.0,67813,12.650642395019531,12.019076347351074,0.0001,0.6315656900405884
-1.0,68905,13858,0.05,291,4,51.327541,91.0,67904,8.773260116577148,8.223662376403809,0.0001,0.5495976805686951
1.0,68935,13864,0.05,292,4,362.327877,30.0,67934,10.570976257324219,9.776694297790527,0.0001,0.7942816615104675
-1.0,68947,13867,0.05,293,4,-214.048134,12.0,67946,9.154850006103516,8.589842796325684,0.0001,0.5650076866149902
1.0,69017,13881,0.05,294,4,571.569395,70.0,68016,11.4212064743042,10.807077407836914,0.0001,0.6141294240951538
1.0,69091,13896,0.05,295,4,441.59611,74.0,68090,8.942392349243164,8.24937629699707,0.0001,0.6930162310600281
1.0,69166,13912,0.05,296,4,474.453901,75.0,68165,14.97669792175293,14.265812873840332,0.0001,0.7108845710754395
1.0,69207,13920,0.05,297,4,402.943457,41.0,68206,14.15088939666748,13.599784851074219,0.0001,0.5511046648025513
-1.0,69276,13934,0.05,298,4,129.492067,69.0,68275,17.26952362060547,16.686676025390625,0.0001,0.5828478336334229
-1.0,69284,13936,0.05,299,4,-152.193263,8.0,68283,9.073613166809082,8.237333297729492,0.0001,0.8362799882888794
1.0,69400,13959,0.05,300,4,713.436183,116.0,68399,11.510339736938477,10.888578414916992,0.0001,0.6217608451843262
-1.0,69546,13989,0.05,301,4,268.721647,146.0,68545,7.943565845489502,7.327927589416504,0.0001,0.6156381368637085
-1.0,69613,14002,0.05,302,4,51.477076,67.0,68612,14.38222885131836,13.88546085357666,0.0001,0.49676793813705444
1.0,69771,14034,0.05,303,4,694.836724,158.0,68770,10.915143966674805,10.362045288085938,0.0001,0.5530989766120911
1.0,69841,14048,0.05,304,4,505.582329,70.0,68840,10.086783409118652,9.360956192016602,0.0001,0.7258269190788269
-1.0,69863,14053,0.05,305,4,-241.570809,22.0,68862,11.61571216583252,10.950202941894531,0.0001,0.6655091047286987
-1.0,69870,14055,0.05,306,4,-179.291959,7.0,68869,11.111063003540039,10.582418441772461,0.0001,0.5286449790000916
-1.0,69908,14062,0.05,307,4,18.048195,38.0,68907,8.642330169677734,8.138995170593262,0.0001,0.5033345222473145
-1.0,70001,14081,0.05,308,4,203.446279,93.0,69000,19.452220916748047,18.761369705200195,0.0001,0.6908514499664307
-1.0,70091,14100,0.05,309,4,192.729319,90.0,69090,14.392349243164062,13.827319145202637,0.0001,0.5650301575660706
-1.0,70253,14132,0.05,310,4,1136.727975,162.0,69252,9.573221206665039,8.910940170288086,0.0001,0.6622810363769531
-1.0,70358,14153,0.05,311,4,320.751998,105.0,69357,9.285734176635742,8.800783157348633,0.0001,0.4849507808685303
1.0,70404,14163,0.05,312,4,404.182292,46.0,69403,20.620399475097656,20.130107879638672,0.0001,0.4902910888195038
-1.0,70500,14182,0.05,313,4,82.529851,96.0,69499,10.759770393371582,10.295828819274902,0.0001,0.4639412760734558
-1.0,70509,14184,0.05,314,4,-160.051175,9.0,69508,8.70255184173584,8.122747421264648,0.0001,0.5798047780990601
-1.0,70526,14188,0.05,315,4,-153.857039,17.0,69525,15.808149337768555,15.22935676574707,0.0001,0.578792929649353
-1.0,70582,14199,0.05,316,4,-41.488026,56.0,69581,9.47605037689209,8.897632598876953,0.0001,0.5784181356430054
-1.0,70644,14212,0.05,317,4,-17.837323,62.0,69643,12.605384826660156,11.769180297851562,0.0001,0.8362047076225281
1.0,70677,14219,0.05,318,4,390.840889,33.0,69676,8.332320213317871,7.812523365020752,0.0001,0.5197964906692505
-1.0,70765,14237,0.05,319,4,212.9763,88.0,69764,12.109219551086426,11.515569686889648,0.0001,0.5936494469642639
1.0,70854,14255,0.05,320,4,395.206399,89.0,69853,17.220117568969727,16.666828155517578,0.0001,0.5532901287078857
-1.0,70858,14256,0.05,321,4,-219.80143,4.0,69857,8.144157409667969,7.474273204803467,0.0001,0.6698837280273438
-1.0,70880,14260,0.05,322,4,-67.929158,22.0,69879,10.669825553894043,10.10515308380127,0.0001,0.5646721720695496
-1.0,70893,14263,0.05,323,4,-115.644614,13.0,69892,12.049473762512207,11.436863899230957,0.0001,0.6126099228858948
1.0,71095,14304,0.05,324,4,865.132127,202.0,70094,12.583138465881348,12.135995864868164,0.0001,0.4471428394317627
-1.0,71211,14327,0.05,325,4,330.866553,116.0,70210,15.073488235473633,14.679182052612305,0.0001,0.39430591464042664
-1.0,71319,14349,0.05,326,4,95.560487,108.0,70318,14.755619049072266,14.110922813415527,0.0001,0.6446957588195801
1.0,71404,14366,0.05,327,4,634.83596,85.0,70403,10.662311553955078,9.9783935546875,0.0001,0.6839177012443542
-1.0,71490,14384,0.05,328,4,233.278317,86.0,70489,14.608295440673828,13.879203796386719,0.0001,0.729092001914978
-1.0,71591,14404,0.05,329,4,88.07941,101.0,70590,16.39535140991211,15.720176696777344,0.0001,0.6751737594604492
1.0,71659,14418,0.05,330,4,503.262019,68.0,70658,9.435012817382812,8.862556457519531,0.0001,0.5724563598632812
1.0,71743,14435,0.05,331,4,644.121934,84.0,70742,13.808019638061523,13.120105743408203,0.0001,0.6879135370254517
-1.0,71833,14453,0.05,332,4,192.848279,90.0,70832,16.235681533813477,15.86018180847168,0.0001,0.3754989206790924
-1.0,71883,14464,0.05,333,4,-95.840908,50.0,70882,8.541568756103516,8.031455993652344,0.0001,0.5101125836372375
-1.0,71901,14467,0.05,334,4,-258.775235,18.0,70900,14.287981033325195,13.639938354492188,0.0001,0.6480424404144287
-1.0,71963,14480,0.05,335,4,-34.195811,62.0,70962,14.215068817138672,13.548707962036133,0.0001,0.6663612127304077
-1.0,72050,14498,0.05,336,4,45.756295,87.0,71049,9.388497352600098,8.756906509399414,0.0001,0.6315910220146179
-1.0,72059,14500,0.05,337,4,-192.119467,9.0,71058,10.285057067871094,9.728487968444824,0.0001,0.5565688610076904
-1.0,72160,14520,0.05,338,4,218.416871,101.0,71159,9.104159355163574,8.599105834960938,0.0001,0.505053699016571
-1.0,72271,14543,0.05,339,4,179.988133,111.0,71270,10.614179611206055,10.04464340209961,0.0001,0.5695360898971558
1.0,72319,14552,0.05,340,4,434.94441,48.0,71318,17.36089324951172,16.61655044555664,0.0001,0.744342565536499
1.0,72468,14582,0.05,341,4,812.10944,149.0,71467,10.888212203979492,10.203152656555176,0.0001,0.6850593090057373
-1.0,72586,14606,0.05,342,4,253.524947,118.0,71585,7.68648099899292,7.172245979309082,0.0001,0.5142351388931274
1.0,72663,14622,0.05,343,4,540.362536,77.0,71662,14.735536575317383,13.975648880004883,0.0001,0.7598880529403687
-1.0,72790,14648,0.05,344,4,238.915819,127.0,71789,10.115988731384277,9.517066955566406,0.0001,0.5989221334457397
1.0,72887,14667,0.05,345,4,645.12682,97.0,71886,9.822587966918945,9.195456504821777,0.0001,0.6271317005157471
-1.0,72968,14684,0.05,346,4,36.467939,81.0,71967,18.2395076751709,17.630178451538086,0.0001,0.609329342842102
-1.0,72985,14687,0.05,347,4,-204.972285,17.0,71984,12.903697967529297,12.185468673706055,0.0001,0.718229353427887
1.0,73079,14706,0.05,348,4,496.726132,94.0,72078,16.5347900390625,15.914396286010742,0.0001,0.6203927993774414
1.0,73146,14720,0.05,349,4,356.882564,67.0,72145,8.296780586242676,7.582620620727539,0.0001,0.7141597270965576
-1.0,73203,14732,0.05,350,4,34.590382,57.0,72202,13.998007774353027,13.158197402954102,0.0001,0.8398104906082153
-1.0,73238,14739,0.05,351,4,-148.267565,35.0,72237,9.318076133728027,8.813770294189453,0.0001,0.5043060183525085
1.0,73333,14758,0.05,352,4,643.733858,95.0,72332,12.82409381866455,12.26830005645752,0.0001,0.5557937622070312
1.0,73356,14763,0.05,353,4,312.903061,23.0,72355,13.715072631835938,13.275117874145508,0.0001,0.4399547278881073
-1.0,73500,14792,0.05,354,4,324.674341,144.0,72499,8.708759307861328,8.359200477600098,0.0001,0.34955912828445435
-1.0,73505,14793,0.05,355,4,-226.693413,5.0,72504,9.131516456604004,8.542681694030762,0.0001,0.5888344049453735
-1.0,73630,14818,0.05,356,4,206.712289,125.0,72629,10.943428993225098,10.250879287719727,0.0001,0.6925494074821472
-1.0,73674,14827,0.05,357,4,-33.522111,44.0,72673,10.291203498840332,9.820064544677734,0.0001,0.47113901376724243
-1.0,73699,14833,0.05,358,4,-99.453314,25.0,72698,12.269081115722656,11.78135871887207,0.0001,0.4877221882343292
1.0,73802,14853,0.05,359,4,664.75006,103.0,72801,17.73169708251953,17.169464111328125,0.0001,0.5622338056564331
1.0,73875,14868,0.05,360,4,571.72142,73.0,72874,9.396326065063477,8.893509864807129,0.0001,0.5028164386749268
-1.0,73962,14886,0.05,361,4,240.156278,87.0,72961,7.8908162117004395,7.419651031494141,0.0001,0.47116512060165405
-1.0,73980,14890,0.05,362,4,-80.071699,18.0,72979,15.421711921691895,14.730682373046875,0.0001,0.69102942943573
-1.0,74053,14905,0.05,363,4,0.920674,73.0,73052,12.502616882324219,12.00473403930664,0.0001,0.49788299202919006
-1.0,74076,14909,0.05,364,4,-135.280609,23.0,73075,8.44802188873291,7.971278190612793,0.0001,0.4767439067363739
1.0,74190,14932,0.05,365,4,650.634911,114.0,73189,11.511858940124512,11.044528007507324,0.0001,0.46733060479164124
1.0,74269,14948,0.05,366,4,564.577122,79.0,73268,11.795931816101074,11.309711456298828,0.0001,0.4862208068370819
-1.0,74287,14952,0.05,367,4,-108.297873,18.0,73286,19.10456085205078,18.46367073059082,0.0001,0.6408891677856445
-1.0,74296,14954,0.05,368,4,-164.464486,9.0,73295,10.318523406982422,9.796213150024414,0.0001,0.5223101377487183
-1.0,74366,14968,0.05,369,4,140.912825,70.0,73365,11.389420509338379,10.827628135681152,0.0001,0.5617924928665161
1.0,74406,14977,0.05,370,4,389.678139,40.0,73405,11.928650856018066,11.405628204345703,0.0001,0.5230224132537842
-1.0,74409,14978,0.05,371,4,-192.864779,3.0,73408,9.855422019958496,9.396356582641602,0.0001,0.459065318107605
-1.0,74496,14995,0.05,372,4,113.53857,87.0,73495,13.099844932556152,12.432809829711914,0.0001,0.6670355200767517
-1.0,74567,15010,0.05,373,4,215.325866,71.0,73566,12.884777069091797,12.148889541625977,0.0001,0.7358880043029785
-1.0,74688,15034,0.05,374,4,145.636646,121.0,73687,8.009243965148926,7.401882171630859,0.0001,0.6073618531227112
1.0,74759,15048,0.05,375,4,491.691609,71.0,73758,9.570923805236816,9.109594345092773,0.0001,0.4613298177719116
-1.0,74771,15051,0.05,376,4,-157.896877,12.0,73770,10.167264938354492,9.67307186126709,0.0001,0.4941931366920471
-1.0,74903,15078,0.05,377,4,389.705009,132.0,73902,11.763740539550781,11.065174102783203,0.0001,0.6985660791397095
-1.0,75014,15100,0.05,378,4,179.895981,111.0,74013,11.141018867492676,10.730302810668945,0.0001,0.41071617603302
1.0,75029,15103,0.05,379,4,295.545088,15.0,74028,9.929603576660156,9.24888801574707,0.0001,0.6807156801223755
1.0,75128,15123,0.05,380,4,662.253131,99.0,74127,12.411367416381836,11.626338958740234,0.0001,0.785028338432312
-1.0,75190,15136,0.05,381,4,5.003693,62.0,74189,8.3208589553833,7.682729721069336,0.0001,0.6381289958953857
1.0,75227,15144,0.05,382,4,403.176201,37.0,74226,18.45088768005371,17.90430450439453,0.0001,0.5465831160545349
-1.0,75298,15158,0.05,383,4,54.195202,71.0,74297,13.314651489257812,12.681119918823242,0.0001,0.6335317492485046
-1.0,75434,15186,0.05,384,4,214.511601,136.0,74433,13.22855281829834,12.707406044006348,0.0001,0.5211467146873474
-1.0,75488,15197,0.05,385,4,59.57625,54.0,74487,8.01513957977295,7.453129291534424,0.0001,0.5620101094245911
-1.0,75519,15203,0.05,386,4,-38.121888,31.0,74518,15.864351272583008,15.248047828674316,0.0001,0.6163032054901123
1.0,75644,15228,0.05,387,4,700.095265,125.0,74643,13.324287414550781,12.61108112335205,0.0001,0.7132059335708618
1.0,75762,15252,0.05,388,4,548.67267,118.0,74761,11.569989204406738,11.119205474853516,0.0001,0.4507833421230316
1.0,75902,15280,0.05,389,4,570.477669,140.0,74901,7.98260498046875,7.398922920227051,0.0001,0.5836821794509888
-1.0,75905,15281,0.05,390,4,-201.064117,3.0,74904,10.47607421875,10.005353927612305,0.0001,0.4707198739051819
-1.0,75934,15287,0.05,391,4,-41.260914,29.0,74933,16.659931182861328,16.149681091308594,0.0001,0.5102501511573792
-1.0,75997,15300,0.05,392,4,-240.05208,63.0,74996,13.912772178649902,13.496482849121094,0.0001,0.41628918051719666
-1.0,76066,15314,0.05,393,4,168.900041,69.0,75065,12.711299896240234,12.186548233032227,0.0001,0.5247514247894287
1.0,76152,15331,0.05,394,4,383.258544,86.0,75151,12.019477844238281,11.489242553710938,0.0001,0.5302351713180542
1.0,76193,15340,0.05,395,4,413.478306,41.0,75192,14.086901664733887,13.361153602600098,0.0001,0.7257481813430786
-1.0,76204,15342,0.05,396,4,-138.73339,11.0,75203,9.792901039123535,9.2697114944458,0.0001,0.5231894254684448
-1.0,76420,15386,0.05,397,4,413.343782,216.0,75419,10.709763526916504,10.21634292602539,0.0001,0.49342018365859985
-1.0,76595,15421,0.05,398,4,213.834153,175.0,75594,10.352707862854004,9.758890151977539,0.0001,0.5938175916671753
1.0,76683,15439,0.05,399,4,542.889793,88.0,75682,9.683649063110352,9.226720809936523,0.0001,0.4569277763366699
1.0,76736,15450,0.05,400,4,479.891031,53.0,75735,11.281028747558594,10.62225341796875,0.0001,0.6587753295898438
-1.0,76810,15465,0.05,401,4,113.141098,74.0,75809,12.493729591369629,12.06308650970459,0.0001,0.43064334988594055
1.0,76934,15490,0.05,402,4,692.054719,124.0,75933,10.64965534210205,10.011650085449219,0.0001,0.6380050182342529
-1.0,76969,15497,0.05,403,4,25.785135,35.0,75968,11.240126609802246,10.641579627990723,0.0001,0.5985467433929443
1.0,77011,15506,0.05,404,4,391.10826,42.0,76010,12.313173294067383,11.75219440460205,0.0001,0.5609785318374634
1.0,77110,15526,0.05,405,4,624.750764,99.0,76109,10.803093910217285,10.384893417358398,0.0001,0.41820037364959717
-1.0,77171,15538,0.05,406,4,125.339536,61.0,76170,10.435681343078613,9.702718734741211,0.0001,0.7329622507095337
1.0,77217,15547,0.05,407,4,374.284395,46.0,76216,10.320148468017578,9.884048461914062,0.0001,0.43609970808029175
-1.0,77272,15559,0.05,408,4,22.967472,55.0,76271,9.142488479614258,8.60729694366455,0.0001,0.5351912975311279
1.0,77346,15574,0.05,409,4,573.477215,74.0,76345,17.006946563720703,16.262004852294922,0.0001,0.7449410557746887
-1.0,77375,15580,0.05,410,4,-90.106128,29.0,76374,13.07170295715332,12.514596939086914,0.0001,0.5571056604385376
-1.0,77380,15581,0.05,411,4,-226.462784,5.0,76379,9.809252738952637,9.156055450439453,0.0001,0.6531971096992493
1.0,77441,15593,0.05,412,4,423.062926,61.0,76440,10.447632789611816,9.928163528442383,0.0001,0.5194693803787231
-1.0,77446,15595,0.05,413,4,-213.617695,5.0,76445,11.468559265136719,10.931533813476562,0.0001,0.5370253920555115
-1.0,77460,15598,0.05,414,4,-215.960457,14.0,76459,9.77845287322998,9.248985290527344,0.0001,0.5294678807258606
-1.0,77504,15607,0.05,415,4,80.971935,44.0,76503,7.752744197845459,7.14995002746582,0.0001,0.6027941703796387
1.0,77539,15614,0.05,416,4,372.609078,35.0,76538,14.96851921081543,14.351603507995605,0.0001,0.6169153451919556
-1.0,77601,15626,0.05,417,4,-279.024093,62.0,76600,12.421927452087402,11.891393661499023,0.0001,0.5305338501930237
-1.0,77665,15640,0.05,418,4,48.563303,64.0,76664,14.6806058883667,14.080388069152832,0.0001,0.6002174615859985
-1.0,77767,15660,0.05,419,4,109.426292,102.0,76766,14.301301956176758,13.644410133361816,0.0001,0.6568920612335205
1.0,77889,15685,0.05,420,4,748.816077,122.0,76888,12.294278144836426,11.533004760742188,0.0001,0.7612730264663696
1.0,77990,15705,0.05,421,4,604.306292,101.0,76989,21.83388900756836,21.394256591796875,0.0001,0.43963298201560974
-1.0,78041,15716,0.05,422,4,71.550951,51.0,77040,14.707769393920898,14.00761604309082,0.0001,0.7001531720161438
1.0,78073,15722,0.05,423,4,349.94686,32.0,77072,13.416264533996582,12.968589782714844,0.0001,0.44767504930496216
-1.0,78127,15733,0.05,424,4,10.108732,54.0,77126,14.58413314819336,14.022241592407227,0.0001,0.5618914365768433
-1.0,78131,15734,0.05,425,4,-185.848668,4.0,77130,13.606332778930664,13.120345115661621,0.0001,0.4859873652458191
-1.0,78181,15745,0.05,426,4,-182.794157,50.0,77180,14.283882141113281,13.655633926391602,0.0001,0.6282485127449036
1.0,78214,15751,0.05,427,4,355.017442,33.0,77213,10.564451217651367,9.910942077636719,0.0001,0.6535091996192932
1.0,78315,15772,0.05,428,4,744.986868,101.0,77314,11.602785110473633,11.027336120605469,0.0001,0.5754492878913879
-1.0,78339,15777,0.05,429,4,-68.984531,24.0,77338,16.573081970214844,16.126739501953125,0.0001,0.4463423788547516
1.0,78423,15794,0.05,430,4,572.484002,84.0,77422,8.302821159362793,7.792140960693359,0.0001,0.5106798410415649
-1.0,78479,15805,0.05,431,4,-424.71324,56.0,77478,11.952692985534668,11.462715148925781,0.0001,0.4899775981903076
1.0,78550,15820,0.05,432,4,440.126589,71.0,77549,14.291376113891602,13.775493621826172,0.0001,0.5158821940422058
-1.0,78583,15827,0.05,433,4,-158.788412,33.0,77582,9.801283836364746,9.283084869384766,0.0001,0.5181987285614014
1.0,78748,15860,0.05,434,4,857.769181,165.0,77747,12.60435962677002,11.901300430297852,0.0001,0.7030590772628784
1.0,78787,15868,0.05,435,4,424.323472,39.0,77786,12.953560829162598,12.252677917480469,0.0001,0.7008825540542603
-1.0,78875,15886,0.05,436,4,310.05087,88.0,77874,8.137445449829102,7.494535446166992,0.0001,0.6429100036621094
-1.0,78891,15889,0.05,437,4,-95.431985,16.0,77890,10.743242263793945,10.227494239807129,0.0001,0.5157477855682373
1.0,78979,15907,0.05,438,4,649.449712,88.0,77978,13.270439147949219,12.725354194641113,0.0001,0.5450845956802368
-1.0,79052,15922,0.05,439,4,149.756918,73.0,78051,12.957526206970215,12.239129066467285,0.0001,0.7183972597122192
-1.0,79165,15945,0.05,440,4,283.418014,113.0,78164,15.309247970581055,14.572433471679688,0.0001,0.7368147969245911
-1.0,79263,15964,0.05,441,4,271.742828,98.0,78262,9.953363418579102,9.284794807434082,0.0001,0.6685689091682434
-1.0,79311,15974,0.05,442,4,-40.657446,48.0,78310,11.932976722717285,11.141474723815918,0.0001,0.7915019392967224
-1.0,79371,15986,0.05,443,4,41.620626,60.0,78370,9.33651065826416,8.868071556091309,0.0001,0.4684394598007202
-1.0,79469,16006,0.05,444,4,223.758389,98.0,78468,11.762334823608398,11.12295913696289,0.0001,0.6393759250640869
1.0,79671,16047,0.05,445,4,876.852024,202.0,78670,13.555912017822266,12.90751838684082,0.0001,0.648393988609314
1.0,79708,16055,0.05,446,4,312.82438,37.0,78707,16.49489974975586,16.0180606842041,0.0001,0.4768384099006653
1.0,79861,16085,0.05,447,4,691.549647,153.0,78860,10.351604461669922,9.697684288024902,0.0001,0.6539199352264404
1.0,79991,16112,0.05,448,4,776.789979,130.0,78990,9.808745384216309,9.154983520507812,0.0001,0.6537619829177856
-1.0,80009,16116,0.05,449,4,-211.712094,18.0,79008,9.1470947265625,8.539945602416992,0.0001,0.6071491241455078
1.0,80062,16126,0.05,450,4,354.043798,53.0,79061,13.711198806762695,13.190046310424805,0.0001,0.5211524367332458
-1.0,80095,16133,0.05,451,4,-45.934085,33.0,79094,18.336618423461914,17.682342529296875,0.0001,0.654276430606842
1.0,80219,16158,0.05,452,4,647.452307,124.0,79218,11.701200485229492,11.182520866394043,0.0001,0.5186798572540283
-1.0,80297,16174,0.05,453,4,186.303948,78.0,79296,15.61723518371582,15.039897918701172,0.0001,0.577337384223938
1.0,80390,16193,0.05,454,4,591.357249,93.0,79389,13.571242332458496,13.028602600097656,0.0001,0.5426400899887085
1.0,80459,16207,0.05,455,4,461.982591,69.0,79458,11.96241283416748,11.292765617370605,0.0001,0.6696468591690063
-1.0,80603,16236,0.05,456,4,215.085678,144.0,79602,14.854961395263672,14.095547676086426,0.0001,0.7594137191772461
1.0,80687,16253,0.05,457,4,595.417449,84.0,79686,11.353644371032715,10.698352813720703,0.0001,0.6552911996841431
-1.0,80733,16262,0.05,458,4,-23.695849,46.0,79732,8.808547019958496,8.270458221435547,0.0001,0.5380884408950806
-1.0,80749,16266,0.05,459,4,-224.56214,16.0,79748,12.772705078125,12.20052719116211,0.0001,0.5721781253814697
-1.0,80841,16284,0.05,460,4,122.169714,92.0,79840,10.868943214416504,10.224544525146484,0.0001,0.6443983912467957
1.0,80890,16295,0.05,461,4,399.526158,49.0,79889,12.635966300964355,12.092641830444336,0.0001,0.5433245897293091
1.0,80905,16298,0.05,462,4,267.940842,15.0,79904,14.842238426208496,14.314330101013184,0.0001,0.5279085636138916
-1.0,80923,16302,0.05,463,4,-228.381755,18.0,79922,9.194452285766602,8.685757637023926,0.0001,0.5086942911148071
1.0,81023,16322,0.05,464,4,603.896393,100.0,80022,13.890172958374023,13.253911972045898,0.0001,0.6362608075141907
-1.0,81056,16329,0.05,465,4,-108.084337,33.0,80055,12.68574333190918,12.248966217041016,0.0001,0.4367768168449402
1.0,81183,16354,0.05,466,4,585.525968,127.0,80182,12.754992485046387,12.090557098388672,0.0001,0.6644352078437805
-1.0,81196,16357,0.05,467,4,-156.575362,13.0,80195,10.556692123413086,9.790203094482422,0.0001,0.7664892673492432
1.0,81268,16372,0.05,468,4,539.719692,72.0,80267,14.60881233215332,13.990045547485352,0.0001,0.6187665462493896
1.0,81334,16385,0.05,469,4,507.685959,66.0,80333,9.929662704467773,9.073759078979492,0.0001,0.855903148651123
1.0,81525,16424,0.05,470,4,696.529249,191.0,80524,12.782506942749023,12.304197311401367,0.0001,0.47830983996391296
1.0,81580,16435,0.05,471,4,506.112094,55.0,80579,12.055424690246582,11.423727035522461,0.0001,0.6316980123519897
1.0,81640,16447,0.05,472,4,411.10476,60.0,80639,13.643214225769043,13.199387550354004,0.0001,0.4438271224498749
1.0,81696,16458,0.05,473,4,443.650457,56.0,80695,8.91487979888916,8.177637100219727,0.0001,0.7372424602508545
1.0,81793,16478,0.05,474,4,677.649959,97.0,80792,10.156177520751953,9.667558670043945,0.0001,0.48861852288246155
1.0,81890,16498,0.05,475,4,495.537366,97.0,80889,13.342023849487305,12.68539047241211,0.0001,0.6566338539123535
-1.0,81988,16518,0.05,476,4,343.604388,98.0,80987,11.525636672973633,10.870622634887695,0.0001,0.655014157295227
-1.0,82047,16530,0.05,477,4,28.821967,59.0,81046,11.503846168518066,10.934768676757812,0.0001,0.5690773129463196
1.0,82197,16560,0.05,478,4,874.559756,150.0,81196,10.729222297668457,10.118671417236328,0.0001,0.6105512976646423
1.0,82265,16574,0.05,479,4,463.193596,68.0,81264,11.484240531921387,10.889100074768066,0.0001,0.5951405167579651
1.0,82422,16605,0.05,480,4,795.815359,157.0,81421,15.619909286499023,14.795124053955078,0.0001,0.8247854709625244
1.0,82526,16626,0.05,481,4,691.238659,104.0,81525,9.341849327087402,8.842412948608398,0.0001,0.4994361400604248
-1.0,82552,16632,0.05,482,4,-27.91713,26.0,81551,12.464746475219727,11.828988075256348,0.0001,0.6357588768005371
-1.0,82658,16653,0.05,483,4,168.535208,106.0,81657,13.270957946777344,12.713976860046387,0.0001,0.5569812655448914
1.0,82760,16674,0.05,484,4,705.397703,102.0,81759,10.677379608154297,10.116081237792969,0.0001,0.5612984895706177
-1.0,82817,16685,0.05,485,4,92.730723,57.0,81816,11.412907600402832,10.751437187194824,0.0001,0.6614706516265869
1.0,82912,16705,0.05,486,4,695.02444,95.0,81911,10.96193790435791,10.484204292297363,0.0001,0.47773370146751404
1.0,82943,16711,0.05,487,4,297.840055,31.0,81942,11.586136817932129,11.081507682800293,0.0001,0.5046293139457703
1.0,82988,16720,0.05,488,4,440.425764,45.0,81987,9.055932998657227,8.382856369018555,0.0001,0.6730764508247375
1.0,83052,16733,0.05,489,4,387.778041,64.0,82051,13.549927711486816,13.089916229248047,0.0001,0.4600112736225128
1.0,83105,16744,0.05,490,4,462.614212,53.0,82104,18.12141990661621,17.38131332397461,0.0001,0.7401068210601807
1.0,83204,16764,0.05,491,4,557.806346,99.0,82203,9.160204887390137,8.400140762329102,0.0001,0.7600641250610352
1.0,83284,16781,0.05,492,4,647.3193,80.0,82283,16.401575088500977,15.599693298339844,0.0001,0.8018814325332642
-1.0,83317,16787,0.05,493,4,-72.196379,33.0,82316,11.277944564819336,10.685348510742188,0.0001,0.5925958156585693
-1.0,83320,16788,0.05,494,4,-215.102324,3.0,82319,9.132603645324707,8.552118301391602,0.0001,0.5804851651191711
1.0,83384,16801,0.05,495,4,505.479923,64.0,82383,7.716533660888672,7.143949508666992,0.0001,0.5725842714309692
1.0,83462,16817,0.05,496,4,609.179858,78.0,82461,10.4349946975708,9.743544578552246,0.0001,0.6914503574371338
-1.0,83474,16820,0.05,497,4,-258.050043,12.0,82473,11.805304527282715,11.14537239074707,0.0001,0.6599321961402893
1.0,83590,16843,0.05,498,4,725.190927,116.0,82589,14.516504287719727,13.84946346282959,0.0001,0.6670403480529785
1.0,83713,16868,0.05,499,4,819.695968,123.0,82712,14.138201713562012,13.551137924194336,0.0001,0.5870636105537415
1.0,83793,16884,0.05,500,4,628.97336,80.0,82792,9.440372467041016,8.968738555908203,0.0001,0.4716339111328125
1.0,83894,16905,0.05,501,4,467.513409,101.0,82893,8.92661190032959,8.356989860534668,0.0001,0.5696216821670532
-1.0,83902,16906,0.05,502,4,-224.781436,8.0,82901,13.970315933227539,13.309087753295898,0.0001,0.6612280607223511
-1.0,83907,16908,0.05,503,4,-228.175769,5.0,82906,11.91246223449707,11.331148147583008,0.0001,0.581313967704773
-1.0,84017,16930,0.05,504,4,171.651066,110.0,83016,10.738245010375977,10.010529518127441,0.0001,0.7277151346206665
-1.0,84054,16938,0.05,505,4,-103.375963,37.0,83053,10.757288932800293,10.178071975708008,0.0001,0.579217255115509
1.0,84133,16954,0.05,506,4,583.967294,79.0,83132,13.60478687286377,12.913111686706543,0.0001,0.6916749477386475
-1.0,84197,16967,0.05,507,4,-167.229343,64.0,83196,13.617347717285156,13.05589771270752,0.0001,0.5614497661590576
-1.0,84212,16970,0.05,508,4,-222.101027,15.0,83211,12.387277603149414,11.902048110961914,0.0001,0.4852295219898224
-1.0,84213,16970,0.05,509,4,-200.0,1.0,83212,12.538045883178711,11.929902076721191,0.0001,0.6081435680389404
1.0,84309,16990,0.05,510,4,689.289918,96.0,83308,10.466253280639648,9.78017520904541,0.0001,0.6860775947570801
1.0,84395,17007,0.05,511,4,606.638653,86.0,83394,16.0263614654541,15.29568099975586,0.0001,0.7306802272796631
1.0,84566,17042,0.05,512,4,664.770287,171.0,83565,12.125248908996582,11.650211334228516,0.0001,0.4750377833843231
1.0,84766,17082,0.05,513,4,817.24838,200.0,83765,10.265233993530273,9.744994163513184,0.0001,0.5202393531799316
-1.0,84854,17100,0.05,514,4,184.713675,88.0,83853,12.657225608825684,11.971242904663086,0.0001,0.6859830617904663
1.0,85011,17131,0.05,515,4,824.976414,157.0,84010,13.68270492553711,13.112499237060547,0.0001,0.5702053308486938
1.0,85169,17163,0.05,516,4,871.026462,158.0,84168,12.910996437072754,12.219324111938477,0.0001,0.6916723251342773
-1.0,85221,17174,0.05,517,4,75.656748,52.0,84220,13.111029624938965,12.407984733581543,0.0001,0.7030450105667114
1.0,85282,17186,0.05,518,4,504.800049,61.0,84281,13.215191841125488,12.60806941986084,0.0001,0.6071224808692932
-1.0,85291,17188,0.05,519,4,-224.404007,9.0,84290,12.743707656860352,12.098287582397461,0.0001,0.6454198360443115
1.0,85386,17207,0.05,520,4,626.390103,95.0,84385,15.678457260131836,15.110949516296387,0.0001,0.5675078630447388
1.0,85488,17228,0.05,521,4,611.202798,102.0,84487,13.210193634033203,12.564981460571289,0.0001,0.6452118158340454
1.0,85572,17245,0.05,522,4,435.794571,84.0,84571,17.565549850463867,16.88646697998047,0.0001,0.6790823936462402
-1.0,85617,17254,0.05,523,4,51.395089,45.0,84616,10.85867977142334,10.32494068145752,0.0001,0.5337392687797546
1.0,85711,17273,0.05,524,4,514.387096,94.0,84710,14.407516479492188,13.694433212280273,0.0001,0.7130835056304932
-1.0,85798,17291,0.05,525,4,245.384466,87.0,84797,10.68509292602539,9.905624389648438,0.0001,0.7794685363769531
-1.0,85804,17292,0.05,526,4,-219.522763,6.0,84803,12.663240432739258,11.97830581665039,0.0001,0.6849345564842224
-1.0,85811,17294,0.05,527,4,-202.865509,7.0,84810,16.21441078186035,15.480544090270996,0.0001,0.733866810798645
-1.0,85825,17297,0.05,528,4,-137.755428,14.0,84824,10.886357307434082,10.353974342346191,0.0001,0.5323830246925354
-1.0,85835,17299,0.05,529,4,-239.885152,10.0,84834,15.51440143585205,14.783415794372559,0.0001,0.7309855818748474
1.0,85898,17312,0.05,530,4,437.565765,63.0,84897,13.88843822479248,13.269762992858887,0.0001,0.6186751127243042
1.0,85985,17330,0.05,531,4,578.382089,87.0,84984,14.386655807495117,13.515110969543457,0.0001,0.8715453147888184
-1.0,86080,17349,0.05,532,4,219.238229,95.0,85079,18.68929100036621,18.189800262451172,0.0001,0.49949127435684204
1.0,86149,17363,0.05,533,4,520.805799,69.0,85148,17.255126953125,16.491641998291016,0.0001,0.7634853720664978
-1.0,86154,17364,0.05,534,4,-204.409765,5.0,85153,9.496291160583496,8.881393432617188,0.0001,0.6148973107337952
1.0,86178,17369,0.05,535,4,300.516176,24.0,85177,13.6311616897583,13.057119369506836,0.0001,0.5740423202514648
1.0,86286,17391,0.05,536,4,554.955654,108.0,85285,13.508855819702148,12.933378219604492,0.0001,0.5754777193069458
-1.0,86374,17409,0.05,537,4,174.11812,88.0,85373,13.68956184387207,12.9353609085083,0.0001,0.7542007565498352
-1.0,86467,17428,0.05,538,4,331.611042,93.0,85466,16.981142044067383,16.178977966308594,0.0001,0.8021639585494995
1.0,86538,17442,0.05,539,4,607.07847,71.0,85537,12.681821823120117,12.191598892211914,0.0001,0.49022334814071655
1.0,86608,17456,0.05,540,4,420.552581,70.0,85607,13.59382152557373,13.039556503295898,0.0001,0.5542646646499634
1.0,86704,17476,0.05,541,4,644.047703,96.0,85703,12.025404930114746,11.277873992919922,0.0001,0.7475310564041138
1.0,86800,17495,0.05,542,4,559.799758,96.0,85799,10.420119285583496,9.79183578491211,0.0001,0.6282835602760315
-1.0,86836,17503,0.05,543,4,-120.364245,36.0,85835,12.664953231811523,11.889528274536133,0.0001,0.7754248976707458
1.0,86860,17508,0.05,544,4,318.163588,24.0,85859,12.28961181640625,11.49155330657959,0.0001,0.7980581521987915
-1.0,86926,17521,0.05,545,4,7.738847,66.0,85925,14.56319808959961,14.046107292175293,0.0001,0.5170912146568298
1.0,86999,17536,0.05,546,4,459.884963,73.0,85998,9.439289093017578,8.808762550354004,0.0001,0.6305266618728638
-1.0,87057,17548,0.05,547,4,127.614781,58.0,86056,14.722405433654785,14.121538162231445,0.0001,0.6008672714233398
-1.0,87065,17550,0.05,548,4,-217.853319,8.0,86064,15.107001304626465,14.534650802612305,0.0001,0.5723503232002258
1.0,87162,17569,0.05,549,4,705.600065,97.0,86161,10.340892791748047,9.739095687866211,0.0001,0.6017967462539673
1.0,87259,17589,0.05,550,4,636.388323,97.0,86258,17.80492401123047,17.337074279785156,0.0001,0.4678489863872528
1.0,87371,17612,0.05,551,4,767.137747,112.0,86370,16.301977157592773,15.613093376159668,0.0001,0.6888836622238159
1.0,87472,17632,0.05,552,4,568.504368,101.0,86471,11.414429664611816,10.863713264465332,0.0001,0.5507160425186157
-1.0,87526,17643,0.05,553,4,4.191636,54.0,86525,11.0884370803833,10.409305572509766,0.0001,0.6791312098503113
1.0,87584,17655,0.05,554,4,531.299755,58.0,86583,14.677048683166504,13.872322082519531,0.0001,0.8047264814376831
-1.0,87688,17676,0.05,555,4,135.17915,104.0,86687,13.214694023132324,12.350406646728516,0.0001,0.8642871379852295
-1.0,87763,17691,0.05,556,4,167.314685,75.0,86762,9.561150550842285,8.641607284545898,0.0001,0.9195435047149658
1.0,87835,17706,0.05,557,4,525.362814,72.0,86834,10.444101333618164,9.533790588378906,0.0001,0.9103106260299683
-1.0,87841,17707,0.05,558,4,-210.601453,6.0,86840,11.552447319030762,10.832035064697266,0.0001,0.7204123139381409
1.0,87970,17733,0.05,559,4,775.496781,129.0,86969,11.095571517944336,10.329059600830078,0.0001,0.7665120363235474
-1.0,87975,17734,0.05,560,4,-213.153564,5.0,86974,13.824328422546387,12.993804931640625,0.0001,0.8305235505104065
1.0,88048,17749,0.05,561,4,567.317796,73.0,87047,13.748262405395508,13.131847381591797,0.0001,0.6164153814315796
1.0,88109,17762,0.05,562,4,489.708406,61.0,87108,15.518535614013672,14.803174018859863,0.0001,0.715361475944519
-1.0,88140,17768,0.05,563,4,-136.160866,31.0,87139,12.271692276000977,11.550786972045898,0.0001,0.720905065536499
1.0,88236,17788,0.05,564,4,602.743955,96.0,87235,17.078102111816406,16.399093627929688,0.0001,0.6790089011192322
1.0,88399,17820,0.05,565,4,727.405694,163.0,87398,16.723766326904297,16.135364532470703,0.0001,0.5884026288986206
-1.0,88469,17835,0.05,566,4,83.419676,70.0,87468,10.657313346862793,10.06546401977539,0.0001,0.5918496251106262
1.0,88538,17849,0.05,567,4,499.828745,69.0,87537,12.472370147705078,11.713823318481445,0.0001,0.7585469484329224
1.0,88592,17860,0.05,568,4,457.626718,54.0,87591,16.505098342895508,15.953664779663086,0.0001,0.5514333844184875
1.0,88629,17867,0.05,569,4,415.812059,37.0,87628,23.811077117919922,23.130334854125977,0.0001,0.6807419061660767
1.0,88771,17896,0.05,570,4,792.403954,142.0,87770,16.148841857910156,15.661870956420898,0.0001,0.4869717061519623
1.0,88889,17920,0.05,571,4,680.07531,118.0,87888,15.0741548538208,14.420948028564453,0.0001,0.6532069444656372
-1.0,88984,17939,0.05,572,4,256.510535,95.0,87983,10.063431739807129,9.489900588989258,0.0001,0.5735315084457397
-1.0,89067,17956,0.05,573,4,264.152487,83.0,88066,13.790772438049316,13.040220260620117,0.0001,0.7505522966384888
1.0,89215,17986,0.05,574,4,884.344852,148.0,88214,12.44405460357666,11.88822078704834,0.0001,0.5558340549468994
1.0,89275,17998,0.05,575,4,529.223258,60.0,88274,13.606034278869629,13.063800811767578,0.0001,0.5422335863113403
-1.0,89349,18013,0.05,576,4,-19.972301,74.0,88348,13.375204086303711,12.634526252746582,0.0001,0.7406778931617737
-1.0,89428,18029,0.05,577,4,33.407334,79.0,88427,18.007366180419922,17.13036346435547,0.0001,0.8770030736923218
-1.0,89432,18030,0.05,578,4,-199.994045,4.0,88431,14.995562553405762,14.305913925170898,0.0001,0.6896483898162842
-1.0,89509,18046,0.05,579,4,145.159429,77.0,88508,17.7355899810791,17.14154624938965,0.0001,0.5940428972244263
1.0,89612,18066,0.05,580,4,629.335088,103.0,88611,15.73248291015625,15.114530563354492,0.0001,0.6179521083831787
1.0,89647,18074,0.05,581,4,389.81007,35.0,88646,14.692620277404785,13.78472900390625,0.0001,0.9078912734985352
-1.0,89657,18076,0.05,582,4,-204.704338,10.0,88656,13.179313659667969,12.5565185546875,0.0001,0.6227954626083374
-1.0,89711,18087,0.05,583,4,133.9128,54.0,88710,13.617504119873047,13.089815139770508,0.0001,0.5276894569396973
1.0,89790,18103,0.05,584,4,576.988925,79.0,88789,11.477225303649902,10.994458198547363,0.0001,0.48276665806770325
-1.0,89811,18107,0.05,585,4,-143.138583,21.0,88810,13.738325119018555,13.056283950805664,0.0001,0.6820406913757324
1.0,89888,18123,0.05,586,4,399.951187,77.0,88887,13.7289457321167,12.986974716186523,0.0001,0.7419713139533997
1.0,89972,18140,0.05,587,4,580.827404,84.0,88971,11.45107364654541,10.838872909545898,0.0001,0.6122010946273804
1.0,90086,18163,0.05,588,4,731.01545,114.0,89085,14.832775115966797,14.233922958374023,0.0001,0.5988523960113525
1.0,90172,18181,0.05,589,4,633.088119,86.0,89171,13.675790786743164,12.936710357666016,0.0001,0.7390807271003723
1.0,90309,18208,0.05,590,4,747.316835,137.0,89308,11.869511604309082,11.241790771484375,0.0001,0.6277205944061279
1.0,90463,18239,0.05,591,4,765.066292,154.0,89462,19.976543426513672,19.368009567260742,0.0001,0.6085336208343506
1.0,90605,18268,0.05,592,4,814.743326,142.0,89604,15.596818923950195,15.058667182922363,0.0001,0.5381515026092529
1.0,90724,18292,0.05,593,4,703.310938,119.0,89723,13.937528610229492,13.081836700439453,0.0001,0.8556922674179077
-1.0,90770,18301,0.05,594,4,-117.517647,46.0,89769,12.911691665649414,12.151311874389648,0.0001,0.7603796720504761
-1.0,90840,18316,0.05,595,4,112.579184,70.0,89839,13.915738105773926,13.398624420166016,0.0001,0.5171141028404236
1.0,91054,18359,0.05,596,4,893.4498,214.0,90053,10.949467658996582,10.36044692993164,0.0001,0.5890207886695862
1.0,91129,18374,0.05,597,4,492.794812,75.0,90128,12.677238464355469,12.00175952911377,0.0001,0.6754785180091858
1.0,91256,18399,0.05,598,4,898.263793,127.0,90255,7.913395881652832,7.211240768432617,0.0001,0.7021551132202148
-1.0,91294,18407,0.05,599,4,-134.504543,38.0,90293,13.199541091918945,12.42301082611084,0.0001,0.7765300273895264
1.0,91378,18424,0.05,600,4,643.05394,84.0,90377,12.912355422973633,12.300069808959961,0.0001,0.6122857332229614
1.0,91437,18436,0.05,601,4,399.81181,59.0,90436,9.516486167907715,8.952348709106445,0.0001,0.5641376972198486
-1.0,91455,18440,0.05,602,4,-145.168551,18.0,90454,9.94027328491211,9.31564712524414,0.0001,0.6246265769004822
-1.0,91486,18447,0.05,603,4,-13.935046,31.0,90485,18.66140365600586,17.971546173095703,0.0001,0.6898572444915771
1.0,91544,18458,0.05,604,4,457.456056,58.0,90543,9.829974174499512,9.033257484436035,0.0001,0.7967168092727661
1.0,91594,18469,0.05,605,4,425.625526,50.0,90593,12.88615608215332,12.046772003173828,0.0001,0.8393837809562683
1.0,91644,18479,0.05,606,4,340.203561,50.0,90643,14.250961303710938,13.463225364685059,0.0001,0.7877360582351685
1.0,91782,18507,0.05,607,4,739.840474,138.0,90781,15.439872741699219,14.710801124572754,0.0001,0.7290711998939514
1.0,91892,18529,0.05,608,4,612.308452,110.0,90891,11.210095405578613,10.529093742370605,0.0001,0.6810014843940735
-1.0,91999,18551,0.05,609,4,306.839447,107.0,90998,10.465140342712402,9.805486679077148,0.0001,0.6596537828445435
1.0,92132,18577,0.05,610,4,802.197642,133.0,91131,12.79243278503418,12.236749649047852,0.0001,0.5556832551956177
-1.0,92146,18580,0.05,611,4,-175.169366,14.0,91145,14.437183380126953,13.667081832885742,0.0001,0.7701011896133423
1.0,92274,18606,0.05,612,4,807.799877,128.0,91273,9.73835277557373,9.092098236083984,0.0001,0.6462546586990356
-1.0,92281,18608,0.05,613,4,-183.599313,7.0,91280,13.657275199890137,13.062884330749512,0.0001,0.5943907499313354
1.0,92373,18627,0.05,614,4,645.174243,92.0,91372,13.744656562805176,13.17570686340332,0.0001,0.5689496994018555
1.0,92468,18646,0.05,615,4,605.184942,95.0,91467,9.629161834716797,9.005269050598145,0.0001,0.6238929033279419
1.0,92602,18673,0.05,616,4,808.32831,134.0,91601,17.982677459716797,17.375038146972656,0.0001,0.6076384782791138
1.0,92682,18689,0.05,617,4,632.319213,80.0,91681,9.751129150390625,9.037253379821777,0.0001,0.7138758301734924
1.0,92746,18702,0.05,618,4,402.974791,64.0,91745,16.603275299072266,15.969104766845703,0.0001,0.6341699361801147
1.0,92886,18730,0.05,619,4,860.765741,140.0,91885,10.394508361816406,9.623626708984375,0.0001,0.7708821296691895
-1.0,92895,18732,0.05,620,4,-193.923006,9.0,91894,11.797441482543945,11.248160362243652,0.0001,0.5492813587188721
1.0,93030,18760,0.05,621,4,804.499338,135.0,92029,14.440295219421387,13.67186450958252,0.0001,0.7684309482574463
1.0,93116,18777,0.05,622,4,651.158672,86.0,92115,12.714710235595703,12.262125968933105,0.0001,0.45258432626724243
1.0,93268,18808,0.05,623,4,835.439371,152.0,92267,12.728106498718262,12.00690746307373,0.0001,0.7211992740631104
-1.0,93376,18830,0.05,624,4,356.685449,108.0,92375,12.729935646057129,12.067646026611328,0.0001,0.6622894406318665
-1.0,93421,18839,0.05,625,4,-11.610582,45.0,92420,12.831583023071289,12.16248607635498,0.0001,0.669096827507019
-1.0,93540,18863,0.05,626,4,430.703488,119.0,92539,11.520270347595215,10.992156982421875,0.0001,0.5281137228012085
1.0,93674,18890,0.05,627,4,775.772492,134.0,92673,12.87890911102295,12.119070053100586,0.0001,0.7598388195037842
1.0,93743,18904,0.05,628,4,526.41033,69.0,92742,19.006229400634766,18.32510757446289,0.0001,0.6811219453811646
-1.0,93863,18928,0.05,629,4,430.426375,120.0,92862,14.867643356323242,14.252599716186523,0.0001,0.6150432825088501
1.0,94002,18956,0.05,630,4,766.848906,139.0,93001,10.548149108886719,9.705503463745117,0.0001,0.8426454067230225
1.0,94089,18974,0.05,631,4,474.550995,87.0,93088,16.486860275268555,15.81032943725586,0.0001,0.6765299439430237
1.0,94164,18989,0.05,632,4,608.171158,75.0,93163,11.257258415222168,10.593694686889648,0.0001,0.6635637879371643
1.0,94316,19020,0.05,633,4,879.183304,152.0,93315,11.744340896606445,11.038200378417969,0.0001,0.706140398979187
1.0,94405,19038,0.05,634,4,555.54581,89.0,93404,11.572067260742188,10.887514114379883,0.0001,0.6845532059669495
1.0,94499,19057,0.05,635,4,606.940157,94.0,93498,9.543635368347168,8.945304870605469,0.0001,0.5983307361602783
1.0,94610,19079,0.05,636,4,753.946362,111.0,93609,9.436345100402832,8.852422714233398,0.0001,0.5839222073554993
1.0,94645,19086,0.05,637,4,406.483424,35.0,93644,10.427352905273438,9.90815544128418,0.0001,0.5191973447799683
-1.0,94660,19090,0.05,638,4,-192.87211,15.0,93659,12.646693229675293,12.133938789367676,0.0001,0.5127540826797485
-1.0,94666,19091,0.05,639,4,-215.480444,6.0,93665,11.703923225402832,10.799522399902344,0.0001,0.9044011831283569
1.0,94827,19124,0.05,640,4,841.211419,161.0,93826,9.484745979309082,8.629265785217285,0.0001,0.8554799556732178
1.0,94895,19137,0.05,641,4,540.422884,68.0,93894,9.86893081665039,9.116861343383789,0.0001,0.7520697712898254
1.0,94971,19153,0.05,642,4,610.201348,76.0,93970,9.214612007141113,8.643835067749023,0.0001,0.5707772970199585
1.0,95023,19163,0.05,643,4,401.999972,52.0,94022,8.934672355651855,8.37460994720459,0.0001,0.560062050819397
1.0,95079,19175,0.05,644,4,426.18916,56.0,94078,11.880436897277832,11.260170936584473,0.0001,0.620265543460846
1.0,95128,19185,0.05,645,4,340.995354,49.0,94127,8.52261734008789,7.863258361816406,0.0001,0.6593587398529053
-1.0,95160,19191,0.05,646,4,-272.448924,32.0,94159,10.431058883666992,9.968923568725586,0.0001,0.4621352553367615
-1.0,95183,19196,0.05,647,4,-77.575844,23.0,94182,11.48719596862793,10.727470397949219,0.0001,0.7597256898880005
-1.0,95252,19210,0.05,648,4,72.244881,69.0,94251,15.414782524108887,14.680938720703125,0.0001,0.7338436841964722
-1.0,95280,19216,0.05,649,4,-75.901999,28.0,94279,12.930654525756836,12.265130996704102,0.0001,0.6655240058898926
1.0,95388,19238,0.05,650,4,752.496824,108.0,94387,11.97169017791748,11.514959335327148,0.0001,0.45673081278800964
1.0,95496,19260,0.05,651,4,647.340371,108.0,94495,12.842534065246582,12.178695678710938,0.0001,0.663838803768158
-1.0,95576,19276,0.05,652,4,229.722264,80.0,94575,12.659092903137207,12.200011253356934,0.0001,0.45908135175704956
1.0,95657,19293,0.05,653,4,607.556709,81.0,94656,11.940347671508789,11.376827239990234,0.0001,0.5635209083557129
1.0,95705,19302,0.05,654,4,427.814624,48.0,94704,9.130091667175293,8.564115524291992,0.0001,0.5659764409065247
1.0,95772,19316,0.05,655,4,461.942079,67.0,94771,12.464645385742188,11.797952651977539,0.0001,0.6666926145553589
-1.0,95900,19342,0.05,656,4,285.217514,128.0,94899,19.034435272216797,18.46476936340332,0.0001,0.5696651935577393
-1.0,95989,19360,0.05,657,4,140.98631,89.0,94988,9.822442054748535,9.13395881652832,0.0001,0.688483476638794
-1.0,96035,19369,0.05,658,4,30.349345,46.0,95034,9.811174392700195,8.966214179992676,0.0001,0.8449603915214539
-1.0,96068,19376,0.05,659,4,0.271599,33.0,95067,11.280390739440918,10.666298866271973,0.0001,0.6140917539596558
-1.0,96150,19393,0.05,660,4,39.717172,82.0,95149,9.917217254638672,9.286774635314941,0.0001,0.6304427981376648
-1.0,96179,19399,0.05,661,4,-24.008064,29.0,95178,10.482171058654785,9.933161735534668,0.0001,0.5490093231201172
1.0,96274,19418,0.05,662,4,595.643292,95.0,95273,13.220174789428711,12.391816139221191,0.0001,0.8283591270446777
1.0,96389,19441,0.05,663,4,797.44753,115.0,95388,10.100447654724121,9.62772274017334,0.0001,0.4727248549461365
1.0,96477,19459,0.05,664,4,588.02033,88.0,95476,11.592212677001953,11.023871421813965,0.0001,0.5683407783508301
1.0,96536,19471,0.05,665,4,413.463158,59.0,95535,10.606619834899902,9.91821002960205,0.0001,0.6884095668792725
1.0,96645,19493,0.05,666,4,800.941831,109.0,95644,9.114246368408203,8.439224243164062,0.0001,0.675021767616272
1.0,96691,19503,0.05,667,4,336.648829,46.0,95690,12.446677207946777,11.854071617126465,0.0001,0.5926052331924438
1.0,96759,19516,0.05,668,4,519.392944,68.0,95758,13.287245750427246,12.739980697631836,0.0001,0.5472652912139893
-1.0,96783,19521,0.05,669,4,-53.153866,24.0,95782,9.289070129394531,8.563068389892578,0.0001,0.7260019779205322
-1.0,96884,19542,0.05,670,4,276.229499,101.0,95883,8.606490135192871,7.956177711486816,0.0001,0.650312066078186
1.0,96981,19562,0.05,671,4,672.983421,97.0,95980,11.35155963897705,10.653227806091309,0.0001,0.6983315944671631
1.0,97032,19572,0.05,672,4,459.56332,51.0,96031,11.30649185180664,10.53599739074707,0.0001,0.770494282245636
1.0,97056,19577,0.05,673,4,325.322463,24.0,96055,9.382810592651367,8.713565826416016,0.0001,0.669244647026062
1.0,97140,19594,0.05,674,4,593.408406,84.0,96139,12.292531967163086,11.697196006774902,0.0001,0.5953364372253418
-1.0,97180,19602,0.05,675,4,33.695961,40.0,96179,10.177752494812012,9.470773696899414,0.0001,0.7069787979125977
-1.0,97264,19619,0.05,676,4,219.102661,84.0,96263,12.456893920898438,11.76606273651123,0.0001,0.6908316612243652
1.0,97366,19640,0.05,677,4,763.460111,102.0,96365,13.063146591186523,12.42529296875,0.0001,0.6378531455993652
1.0,97393,19646,0.05,678,4,317.736624,27.0,96392,11.624646186828613,10.709799766540527,0.0001,0.9148460626602173
1.0,97507,19669,0.05,679,4,797.037532,114.0,96506,7.473077774047852,6.7828168869018555,0.0001,0.6902607679367065
-1.0,97517,19671,0.05,680,4,-129.945264,10.0,96516,9.993457794189453,9.284347534179688,0.0001,0.7091107368469238
1.0,97623,19692,0.05,681,4,658.811452,106.0,96622,16.170042037963867,15.462686538696289,0.0001,0.7073546648025513
1.0,97710,19710,0.05,682,4,641.582441,87.0,96709,10.906890869140625,10.31292724609375,0.0001,0.593963623046875
1.0,97796,19727,0.05,683,4,635.800266,86.0,96795,10.955683708190918,10.19466781616211,0.0001,0.7610158920288086
1.0,97840,19736,0.05,684,4,382.567112,44.0,96839,7.247170448303223,6.693512916564941,0.0001,0.5536572933197021
1.0,97904,19749,0.05,685,4,492.463203,64.0,96903,9.75507926940918,9.050176620483398,0.0001,0.7049025297164917
1.0,97972,19763,0.05,686,4,545.470066,68.0,96971,10.920326232910156,10.240074157714844,0.0001,0.6802525520324707
1.0,98049,19779,0.05,687,4,546.190977,77.0,97048,7.72105598449707,7.265007019042969,0.0001,0.45604920387268066
-1.0,98109,19791,0.05,688,4,123.970902,60.0,97108,8.999469757080078,8.508687973022461,0.0001,0.49078160524368286
1.0,98208,19811,0.05,689,4,655.327396,99.0,97207,8.51229476928711,7.844935417175293,0.0001,0.6673598289489746
1.0,98320,19834,0.05,690,4,744.492863,112.0,97319,8.65517807006836,8.168009757995605,0.0001,0.48716819286346436
-1.0,98426,19855,0.05,691,4,372.851742,106.0,97425,11.55054759979248,10.885047912597656,0.0001,0.6654996871948242
1.0,98480,19866,0.05,692,4,483.213284,54.0,97479,10.216700553894043,9.613073348999023,0.0001,0.6036273837089539
1.0,98559,19882,0.05,693,4,594.951019,79.0,97558,9.830111503601074,9.087635040283203,0.0001,0.7424768209457397
-1.0,98562,19883,0.05,694,4,-215.061729,3.0,97561,8.789417266845703,8.184375762939453,0.0001,0.6050416231155396
-1.0,98568,19884,0.05,695,4,-232.743287,6.0,97567,8.077587127685547,7.414792537689209,0.0001,0.6627941131591797
1.0,98646,19900,0.05,696,4,595.984771,78.0,97645,11.139512062072754,10.561614990234375,0.0001,0.5778968334197998
1.0,98717,19915,0.05,697,4,516.625637,71.0,97716,8.647001266479492,8.024178504943848,0.0001,0.6228224039077759
-1.0,98723,19916,0.05,698,4,-213.157716,6.0,97722,10.398812294006348,9.757354736328125,0.0001,0.6414577960968018
1.0,98856,19943,0.05,699,4,849.580844,133.0,97855,14.395005226135254,13.92463493347168,0.0001,0.47037070989608765
1.0,98999,19972,0.05,700,4,860.088427,143.0,97998,12.284154891967773,11.57486343383789,0.0001,0.7092916965484619
1.0,99115,19995,0.05,701,4,729.283602,116.0,98114,10.72010326385498,10.12468433380127,0.0001,0.5954188704490662
1.0,99237,20020,0.05,702,4,764.894119,122.0,98236,8.122154235839844,7.2989630699157715,0.0001,0.8231909871101379
1.0,99322,20037,0.05,703,4,663.413611,85.0,98321,9.74287223815918,9.107864379882812,0.0001,0.6350082159042358
1.0,99513,20076,0.05,704,4,758.908424,191.0,98512,9.10734748840332,8.451221466064453,0.0001,0.6561262607574463
-1.0,99520,20077,0.05,705,4,-180.687349,7.0,98519,8.868002891540527,8.203816413879395,0.0001,0.6641862988471985
1.0,99602,20094,0.05,706,4,643.951551,82.0,98601,11.378931999206543,10.854148864746094,0.0001,0.5247833132743835
1.0,99641,20102,0.05,707,4,392.105309,39.0,98640,7.86691951751709,7.092231273651123,0.0001,0.7746883034706116
1.0,99705,20115,0.05,708,4,481.108643,64.0,98704,6.347598075866699,5.633799076080322,0.0001,0.7137988805770874
1.0,99819,20138,0.05,709,4,756.4612,114.0,98818,10.357185363769531,9.786026000976562,0.0001,0.571159839630127
1.0,99925,20159,0.05,710,4,522.561223,106.0,98924,6.998441696166992,6.595937252044678,0.0001,0.4025042653083801
1.0,99978,20170,0.05,711,4,477.560527,53.0,98977,11.585833549499512,11.0033597946167,0.0001,0.582473635673523
